"Ngày","Lần cuối","Mở","Cao","Thấp","KL","% Thay đổi"
"04/02/2025","29,150.0","28,650.0","29,150.0","28,600.0","7.65M","2.10%"
"03/02/2025","28,550.0","28,451.7","28,844.8","28,206.0","5.71M","-2.39%"
"24/01/2025","29,250.0","29,350.0","29,400.0","29,000.0","5.09M","-0.17%"
"23/01/2025","29,300.0","28,800.0","29,400.0","28,800.0","7.70M","1.91%"
"22/01/2025","28,750.0","28,700.0","28,850.0","28,650.0","4.54M","0.17%"
"21/01/2025","28,700.0","28,500.0","28,900.0","28,450.0","5.71M","1.06%"
"20/01/2025","28,400.0","28,700.0","28,700.0","28,400.0","3.88M","-0.35%"
"17/01/2025","28,500.0","28,250.0","28,600.0","28,150.0","3.91M","0.88%"
"16/01/2025","28,250.0","28,100.0","28,950.0","28,100.0","7.41M","1.25%"
"15/01/2025","27,900.0","27,700.0","28,050.0","27,600.0","4.49M","1.27%"
"14/01/2025","27,550.0","27,800.0","27,850.0","27,550.0","3.46M","-0.90%"
"13/01/2025","27,800.0","27,200.0","27,950.0","26,550.0","7.58M","2.21%"
"10/01/2025","27,200.0","28,050.0","28,300.0","27,200.0","11.04M","-2.86%"
"09/01/2025","28,000.0","28,400.0","28,500.0","28,000.0","3.33M","-1.41%"
"08/01/2025","28,400.0","28,000.0","28,550.0","27,900.0","4.80M","1.07%"
"07/01/2025","28,100.0","28,200.0","28,500.0","28,000.0","5.61M","-0.18%"
"06/01/2025","28,150.0","28,500.0","28,600.0","28,000.0","7.29M","-1.40%"
"03/01/2025","28,550.0","29,300.0","29,350.0","28,550.0","12.21M","-2.56%"
"02/01/2025","29,300.0","29,500.0","29,650.0","29,200.0","4.93M","-0.34%"
"31/12/2024","29,400.0","29,450.0","29,700.0","29,400.0","4.04M","-0.68%"
"30/12/2024","29,600.0","29,700.0","30,200.0","29,550.0","8.70M","0.51%"
"27/12/2024","29,450.0","29,400.0","29,650.0","29,250.0","7.83M","0.51%"
"26/12/2024","29,300.0","29,600.0","29,650.0","29,250.0","3.74M","-0.68%"
"25/12/2024","29,500.0","28,950.0","30,250.0","28,950.0","10.11M","2.08%"
"24/12/2024","28,900.0","29,150.0","29,250.0","28,650.0","9.32M","-1.03%"
"23/12/2024","29,200.0","29,500.0","29,600.0","29,200.0","5.10M","-0.34%"
"20/12/2024","29,300.0","29,500.0","29,550.0","29,300.0","3.56M","-0.68%"
"19/12/2024","29,500.0","29,400.0","29,550.0","29,000.0","10.26M","-0.84%"
"18/12/2024","29,750.0","29,500.0","29,750.0","29,300.0","5.23M","0.85%"
"17/12/2024","29,500.0","29,750.0","29,900.0","29,350.0","6.12M","-0.34%"
"16/12/2024","29,600.0","29,400.0","29,700.0","29,350.0","5.48M","0.68%"
"13/12/2024","29,400.0","29,250.0","29,550.0","29,150.0","5.27M","0.34%"
"12/12/2024","29,300.0","29,450.0","30,000.0","29,300.0","8.19M","-0.34%"
"11/12/2024","29,400.0","29,550.0","29,850.0","29,200.0","5.47M","-0.51%"
"10/12/2024","29,550.0","29,500.0","29,800.0","29,300.0","6.64M","-0.17%"
"09/12/2024","29,600.0","29,300.0","29,750.0","29,150.0","7.99M","1.20%"
"06/12/2024","29,250.0","29,350.0","29,800.0","29,150.0","15.58M","1.04%"
"05/12/2024","28,950.0","27,200.0","28,950.0","27,000.0","14.90M","6.83%"
"04/12/2024","27,100.0","27,550.0","27,550.0","27,000.0","7.92M","-1.63%"
"03/12/2024","27,550.0","28,000.0","28,000.0","27,500.0","8.78M","-1.78%"
"02/12/2024","28,050.0","28,400.0","28,500.0","27,900.0","3.08M","-0.36%"
"29/11/2024","28,150.0","28,100.0","28,400.0","27,900.0","4.15M","0.00%"
"28/11/2024","28,150.0","28,300.0","28,500.0","27,900.0","5.48M","0.00%"
"27/11/2024","28,150.0","28,350.0","28,450.0","28,000.0","3.88M","-0.53%"
"26/11/2024","28,300.0","27,950.0","28,750.0","27,900.0","9.11M","1.62%"
"25/11/2024","27,850.0","27,700.0","27,950.0","27,600.0","3.33M","0.54%"
"22/11/2024","27,700.0","28,050.0","28,200.0","27,650.0","4.72M","-1.25%"
"21/11/2024","28,050.0","27,750.0","28,200.0","27,500.0","7.16M","1.26%"
"20/11/2024","27,700.0","26,900.0","28,150.0","26,700.0","11.99M","2.59%"
"19/11/2024","27,000.0","27,400.0","27,500.0","26,750.0","3.79M","-1.28%"
"18/11/2024","27,350.0","26,400.0","27,800.0","26,350.0","8.60M","3.60%"
"15/11/2024","26,400.0","27,000.0","27,050.0","26,100.0","12.07M","-2.58%"
"14/11/2024","27,100.0","28,150.0","28,250.0","26,800.0","9.90M","-3.21%"
"13/11/2024","28,000.0","28,450.0","28,550.0","27,750.0","8.13M","-1.75%"
"12/11/2024","28,500.0","28,700.0","29,100.0","28,500.0","4.16M","-0.35%"
"11/11/2024","28,600.0","29,100.0","29,150.0","28,250.0","10.67M","-1.72%"
"08/11/2024","29,100.0","29,400.0","29,450.0","29,000.0","5.94M","-0.68%"
"07/11/2024","29,300.0","29,550.0","29,600.0","29,300.0","5.23M","-0.51%"
"06/11/2024","29,450.0","29,200.0","29,500.0","29,000.0","8.45M","1.73%"
"05/11/2024","28,950.0","28,950.0","29,250.0","28,950.0","3.98M","-0.17%"
"04/11/2024","29,000.0","28,450.0","29,250.0","28,200.0","9.68M","2.11%"
"01/11/2024","28,400.0","28,750.0","28,750.0","28,300.0","4.41M","-1.39%"
"31/10/2024","28,800.0","28,500.0","28,900.0","28,400.0","5.14M","1.59%"
"30/10/2024","28,350.0","28,700.0","28,750.0","28,200.0","5.24M","-1.05%"
"29/10/2024","28,650.0","28,900.0","29,000.0","28,500.0","5.35M","-0.17%"
"28/10/2024","28,700.0","28,500.0","29,000.0","28,450.0","4.60M","1.41%"
"25/10/2024","28,300.0","28,250.0","28,450.0","28,200.0","6.45M","0.35%"
"24/10/2024","28,200.0","28,950.0","29,200.0","28,200.0","11.03M","-2.42%"
"23/10/2024","28,900.0","28,900.0","29,350.0","28,700.0","7.44M","0.00%"
"22/10/2024","28,900.0","29,500.0","29,750.0","28,550.0","13.15M","-2.20%"
"21/10/2024","29,550.0","30,300.0","30,450.0","29,500.0","12.90M","-2.96%"
"18/10/2024","30,450.0","30,900.0","31,000.0","30,450.0","11.18M","-0.49%"
"17/10/2024","30,600.0","30,350.0","30,650.0","29,600.0","10.65M","0.99%"
"16/10/2024","30,300.0","30,350.0","30,600.0","30,250.0","4.87M","-0.16%"
"15/10/2024","30,350.0","31,000.0","31,300.0","30,300.0","9.71M","-2.10%"
"14/10/2024","31,000.0","31,400.0","31,550.0","31,000.0","7.39M","-0.64%"
"11/10/2024","31,200.0","30,450.0","31,200.0","30,150.0","11.69M","2.63%"
"10/10/2024","30,400.0","30,850.0","31,050.0","30,400.0","7.36M","-0.82%"
"09/10/2024","30,650.0","30,350.0","30,850.0","30,200.0","8.23M","0.16%"
"08/10/2024","30,600.0","31,300.0","31,350.0","30,100.0","17.12M","-1.61%"
"07/10/2024","31,100.0","30,700.0","31,100.0","30,500.0","8.42M","2.13%"
"04/10/2024","30,450.0","30,350.0","30,800.0","30,250.0","7.39M","0.33%"
"03/10/2024","30,350.0","30,700.0","31,000.0","30,150.0","12.02M","-0.98%"
"02/10/2024","30,650.0","30,800.0","31,050.0","30,300.0","11.17M","-1.13%"
"01/10/2024","31,000.0","31,100.0","31,800.0","30,950.0","11.36M","0.16%"
"30/09/2024","30,950.0","30,800.0","31,450.0","30,600.0","7.16M","0.49%"
"27/09/2024","30,800.0","31,200.0","31,300.0","30,800.0","10.05M","-0.81%"
"26/09/2024","31,050.0","31,250.0","31,350.0","30,800.0","13.39M","-0.48%"
"25/09/2024","31,200.0","30,950.0","31,800.0","30,900.0","16.08M","1.63%"
"24/09/2024","30,700.0","30,500.0","30,800.0","30,450.0","6.48M","0.82%"
"23/09/2024","30,450.0","30,650.0","30,900.0","30,450.0","9.42M","-0.65%"
"20/09/2024","30,650.0","30,900.0","30,950.0","30,500.0","10.91M","0.49%"
"19/09/2024","30,500.0","30,450.0","30,700.0","30,050.0","11.80M","1.16%"
"18/09/2024","30,150.0","29,150.0","30,800.0","29,050.0","29.55M","3.97%"
"17/09/2024","29,000.0","28,200.0","29,000.0","28,050.0","9.25M","2.84%"
"16/09/2024","28,200.0","29,200.0","29,350.0","28,200.0","15.53M","-3.42%"
"13/09/2024","29,200.0","28,900.0","29,700.0","28,900.0","13.78M","1.21%"
"12/09/2024","28,850.0","29,300.0","29,300.0","28,850.0","5.21M","-0.52%"
"11/09/2024","29,000.0","28,700.0","29,300.0","28,350.0","9.90M","0.52%"
"10/09/2024","28,850.0","29,300.0","29,350.0","28,350.0","11.81M","-1.03%"
"09/09/2024","29,150.0","29,050.0","29,450.0","28,750.0","7.05M","-0.51%"
"06/09/2024","29,300.0","29,000.0","29,400.0","28,650.0","9.33M","0.51%"
"05/09/2024","29,150.0","29,300.0","29,800.0","28,800.0","14.36M","0.00%"
"04/09/2024","29,150.0","28,650.0","29,250.0","28,650.0","9.68M","-0.51%"
"30/08/2024","29,300.0","29,200.0","29,550.0","28,950.0","8.10M","0.34%"
"29/08/2024","29,200.0","29,350.0","29,600.0","29,050.0","6.16M","-0.85%"
"28/08/2024","29,450.0","29,400.0","29,800.0","28,950.0","14.93M","0.86%"
"27/08/2024","29,200.0","29,400.0","29,750.0","29,000.0","9.10M","-1.68%"
"26/08/2024","29,700.0","29,100.0","29,950.0","28,750.0","22.83M","3.30%"
"23/08/2024","28,750.0","28,000.0","28,950.0","27,650.0","21.11M","2.68%"
"22/08/2024","28,000.0","27,600.0","28,000.0","27,300.0","9.27M","1.82%"
"21/08/2024","27,500.0","27,400.0","27,600.0","27,200.0","8.75M","0.36%"
"20/08/2024","27,400.0","27,150.0","27,750.0","26,950.0","11.76M","0.92%"
"19/08/2024","27,150.0","27,500.0","27,600.0","26,950.0","6.54M","-0.18%"
"16/08/2024","27,200.0","25,750.0","27,200.0","25,650.0","18.81M","6.67%"
"15/08/2024","25,500.0","25,800.0","26,000.0","25,350.0","4.53M","-1.54%"
"14/08/2024","25,900.0","26,100.0","26,300.0","25,550.0","5.42M","-0.38%"
"13/08/2024","26,000.0","25,900.0","26,100.0","25,300.0","7.24M","0.39%"
"12/08/2024","25,900.0","25,300.0","25,900.0","25,300.0","4.97M","1.77%"
"09/08/2024","25,450.0","24,750.0","25,550.0","24,550.0","8.51M","4.73%"
"08/08/2024","24,300.0","24,250.0","24,850.0","24,150.0","5.06M","-0.61%"
"07/08/2024","24,450.0","24,400.0","24,500.0","23,900.0","3.60M","0.62%"
"06/08/2024","24,300.0","23,600.0","24,350.0","23,100.0","6.85M","5.65%"
"05/08/2024","23,000.0","24,200.0","24,350.0","23,000.0","9.28M","-6.31%"
"02/08/2024","24,550.0","24,000.0","24,950.0","23,500.0","7.98M","1.24%"
"01/08/2024","24,250.0","25,500.0","25,500.0","24,000.0","8.13M","-4.34%"
"31/07/2024","25,350.0","25,700.0","25,850.0","25,250.0","2.89M","-0.98%"
"30/07/2024","25,600.0","25,550.0","25,900.0","25,350.0","3.29M","-0.19%"
"29/07/2024","25,650.0","25,600.0","25,900.0","25,500.0","3.38M","0.98%"
"26/07/2024","25,400.0","25,200.0","25,450.0","25,050.0","2.43M","1.40%"
"25/07/2024","25,050.0","25,000.0","25,400.0","24,800.0","3.55M","-1.96%"
"24/07/2024","25,550.0","25,400.0","25,900.0","24,500.0","7.82M","0.00%"
"23/07/2024","25,550.0","26,750.0","26,750.0","25,500.0","6.56M","-3.58%"
"22/07/2024","26,500.0","26,100.0","26,800.0","26,100.0","9.68M","1.92%"
"19/07/2024","26,000.0","26,100.0","26,500.0","25,800.0","4.54M","-0.38%"
"18/07/2024","26,100.0","26,100.0","26,200.0","25,700.0","5.16M","0.77%"
"17/07/2024","25,900.0","26,700.0","26,750.0","25,300.0","6.93M","-2.26%"
"16/07/2024","26,500.0","26,550.0","26,900.0","26,500.0","3.77M","0.00%"
"15/07/2024","26,500.0","26,900.0","26,900.0","26,300.0","3.35M","-0.46%"
"12/07/2024","26,622.0","27,053.0","27,149.0","26,335.0","4.51M","-1.42%"
"11/07/2024","27,005.0","26,766.0","27,101.0","26,670.0","7.07M","1.44%"
"10/07/2024","26,622.0","27,005.0","27,005.0","26,526.0","4.19M","-0.72%"
"09/07/2024","26,814.0","26,239.0","26,909.0","26,143.0","7.55M","2.38%"
"08/07/2024","26,191.0","26,335.0","26,526.0","26,143.0","3.18M","0.18%"
"05/07/2024","26,143.0","26,335.0","26,478.0","26,047.0","2.91M","-0.73%"
"04/07/2024","26,335.0","26,143.0","26,430.0","26,000.0","4.08M","0.73%"
"03/07/2024","26,143.0","26,095.0","26,239.0","26,000.0","4.12M","0.74%"
"02/07/2024","25,952.0","25,808.0","26,047.0","25,712.0","3.35M","1.88%"
"01/07/2024","25,473.0","25,281.0","25,616.0","24,994.0","4.33M","1.53%"
"28/06/2024","25,090.0","25,521.0","25,856.0","24,946.0","5.96M","-1.69%"
"27/06/2024","25,521.0","25,712.0","25,712.0","25,281.0","3.05M","0.00%"
"26/06/2024","25,521.0","25,712.0","25,856.0","25,090.0","4.96M","-0.74%"
"25/06/2024","25,712.0","25,712.0","25,856.0","25,377.0","6.29M","1.13%"
"24/06/2024","25,425.0","27,005.0","27,053.0","25,425.0","16.53M","-5.68%"
"21/06/2024","26,957.0","27,053.0","27,197.0","26,814.0","5.75M","0.18%"
"20/06/2024","26,909.0","27,388.0","27,388.0","26,814.0","6.58M","-0.88%"
"19/06/2024","27,149.0","27,292.0","27,580.0","26,861.0","7.35M","0.18%"
"18/06/2024","27,101.0","27,388.0","27,532.0","27,101.0","9.55M","-0.52%"
"17/06/2024","27,244.0","27,484.0","27,675.0","27,005.0","18.13M","-1.56%"
"14/06/2024","27,675.0","28,537.0","29,351.0","27,675.0","14.97M","-2.20%"
"13/06/2024","28,298.0","28,920.0","28,920.0","28,298.0","4.98M","-1.17%"
"12/06/2024","28,633.0","28,154.0","28,633.0","28,154.0","8.47M","1.70%"
"11/06/2024","28,154.0","27,915.0","28,202.0","27,580.0","8.71M","1.38%"
"10/06/2024","27,771.0","27,580.0","28,202.0","27,580.0","4.77M","1.04%"
"07/06/2024","27,484.0","27,675.0","27,915.0","27,484.0","5.07M","-0.35%"
"06/06/2024","27,580.0","28,106.0","28,202.0","27,532.0","7.30M","-1.54%"
"05/06/2024","28,011.0","28,298.0","28,394.0","27,963.0","8.00M","-0.34%"
"04/06/2024","28,106.0","28,441.0","28,585.0","28,058.0","8.14M","-0.51%"
"03/06/2024","28,250.0","27,963.0","28,585.0","27,963.0","7.11M","2.26%"
"31/05/2024","27,627.0","27,867.0","27,963.0","27,484.0","2.79M","-0.35%"
"30/05/2024","27,723.0","27,580.0","27,867.0","27,197.0","9.61M","-1.19%"
"29/05/2024","28,058.0","28,489.0","28,633.0","27,963.0","4.81M","-1.51%"
"28/05/2024","28,489.0","27,963.0","28,537.0","27,819.0","7.39M","2.41%"
"27/05/2024","27,819.0","27,867.0","28,011.0","27,388.0","6.35M","-0.17%"
"24/05/2024","27,867.0","29,016.0","29,351.0","27,388.0","16.38M","-5.06%"
"23/05/2024","29,351.0","29,208.0","29,351.0","28,537.0","6.49M","0.49%"
"22/05/2024","29,208.0","28,729.0","29,926.0","28,729.0","17.06M","2.70%"
"21/05/2024","28,441.0","28,106.0","28,441.0","27,819.0","6.83M","0.85%"
"20/05/2024","28,202.0","28,585.0","28,633.0","28,154.0","8.58M","-0.17%"
"17/05/2024","28,250.0","28,058.0","28,585.0","27,867.0","7.60M","0.68%"
"16/05/2024","28,058.0","28,106.0","28,585.0","27,915.0","7.16M","1.03%"
"15/05/2024","27,771.0","27,340.0","28,633.0","27,197.0","10.77M","1.76%"
"14/05/2024","27,292.0","27,292.0","27,675.0","27,101.0","4.58M","0.70%"
"13/05/2024","27,101.0","27,580.0","27,675.0","26,861.0","6.60M","-0.70%"
"10/05/2024","27,292.0","27,101.0","27,484.0","26,670.0","5.86M","0.70%"
"09/05/2024","27,101.0","27,197.0","27,484.0","26,861.0","9.69M","0.53%"
"08/05/2024","26,957.0","26,335.0","27,197.0","26,287.0","7.41M","1.08%"
"07/05/2024","26,670.0","26,718.0","26,814.0","26,430.0","4.93M","0.73%"
"06/05/2024","26,478.0","25,664.0","27,005.0","25,473.0","11.12M","4.54%"
"03/05/2024","25,329.0","25,760.0","25,856.0","25,233.0","3.87M","0.38%"
"02/05/2024","25,233.0","25,904.0","25,952.0","25,090.0","4.28M","-2.59%"
"26/04/2024","25,904.0","25,664.0","25,952.0","25,473.0","6.45M","-0.91%"
"25/04/2024","26,143.0","26,383.0","26,383.0","25,856.0","3.33M","-1.27%"
"24/04/2024","26,478.0","25,664.0","26,478.0","25,473.0","6.96M","4.93%"
"23/04/2024","25,233.0","25,425.0","25,760.0","24,659.0","7.31M","-0.57%"
"22/04/2024","25,377.0","24,611.0","25,425.0","24,324.0","6.76M","6.64%"
"19/04/2024","23,797.0","24,515.0","25,090.0","23,749.0","12.00M","-4.79%"
"17/04/2024","24,994.0","26,430.0","26,430.0","24,994.0","5.98M","-4.57%"
"16/04/2024","26,191.0","26,239.0","26,335.0","24,994.0","10.41M","-0.37%"
"15/04/2024","26,287.0","28,058.0","28,298.0","26,287.0","11.80M","-6.95%"
"12/04/2024","28,250.0","27,723.0","28,250.0","27,484.0","8.26M","2.43%"
"11/04/2024","27,580.0","27,005.0","27,627.0","27,005.0","5.21M","1.06%"
"10/04/2024","27,292.0","27,627.0","27,675.0","27,292.0","4.22M","-1.21%"
"09/04/2024","27,627.0","26,957.0","27,771.0","26,861.0","8.11M","2.85%"
"08/04/2024","26,861.0","27,005.0","27,292.0","26,814.0","5.61M","-0.53%"
"05/04/2024","27,005.0","27,771.0","28,106.0","27,005.0","10.63M","-3.75%"
"04/04/2024","28,058.0","27,963.0","28,394.0","27,675.0","8.16M","0.17%"
"03/04/2024","28,011.0","28,681.0","28,920.0","27,963.0","8.33M","-2.17%"
"02/04/2024","28,633.0","28,346.0","28,633.0","27,771.0","6.65M","0.51%"
"01/04/2024","28,489.0","28,250.0","28,729.0","27,771.0","9.57M","0.85%"
"29/03/2024","28,250.0","28,729.0","28,777.0","28,250.0","7.32M","-1.83%"
"28/03/2024","28,777.0","28,250.0","28,777.0","28,154.0","17.33M","3.62%"
"27/03/2024","27,771.0","27,388.0","27,771.0","27,101.0","7.48M","2.47%"
"26/03/2024","27,101.0","26,718.0","27,388.0","26,526.0","6.67M","0.71%"
"25/03/2024","26,909.0","27,484.0","27,627.0","26,814.0","8.08M","-1.75%"
"22/03/2024","27,388.0","27,244.0","27,723.0","27,101.0","11.75M","1.24%"
"21/03/2024","27,053.0","27,149.0","27,484.0","26,957.0","9.36M","1.07%"
"20/03/2024","26,766.0","26,287.0","26,766.0","26,000.0","6.13M","2.01%"
"19/03/2024","26,239.0","26,000.0","26,383.0","25,904.0","3.95M","1.11%"
"18/03/2024","25,952.0","27,149.0","27,244.0","25,377.0","16.18M","-4.24%"
"15/03/2024","27,101.0","27,292.0","27,388.0","26,814.0","10.76M","-1.22%"
"14/03/2024","27,436.0","28,011.0","28,106.0","27,197.0","12.70M","-1.38%"
"13/03/2024","27,819.0","26,957.0","27,867.0","26,718.0","10.74M","3.57%"
"12/03/2024","26,861.0","26,622.0","26,957.0","26,335.0","7.01M","0.90%"
"11/03/2024","26,622.0","27,149.0","27,149.0","26,335.0","8.42M","-1.77%"
"08/03/2024","27,101.0","27,963.0","28,106.0","27,101.0","11.27M","-2.41%"
"07/03/2024","27,771.0","27,197.0","27,963.0","27,197.0","10.51M","1.58%"
"06/03/2024","27,340.0","27,675.0","27,867.0","27,053.0","7.54M","-1.55%"
"05/03/2024","27,771.0","27,197.0","27,867.0","26,957.0","9.81M","1.76%"
"04/03/2024","27,292.0","27,484.0","27,723.0","27,101.0","8.87M","0.70%"
"01/03/2024","27,101.0","27,149.0","27,771.0","26,909.0","9.26M","1.25%"
"29/02/2024","26,766.0","27,484.0","27,627.0","26,670.0","16.33M","-1.93%"
"28/02/2024","27,292.0","27,149.0","27,580.0","26,670.0","12.62M","0.70%"
"27/02/2024","27,101.0","27,292.0","27,627.0","27,005.0","8.41M","0.00%"
"26/02/2024","27,101.0","25,521.0","27,101.0","25,473.0","31.98M","7.00%"
"23/02/2024","25,329.0","25,569.0","26,000.0","25,186.0","13.40M","-0.38%"
"22/02/2024","25,425.0","25,664.0","25,712.0","25,425.0","4.81M","-1.12%"
"21/02/2024","25,712.0","25,616.0","25,760.0","25,377.0","6.73M","0.19%"
"20/02/2024","25,664.0","25,856.0","26,047.0","25,569.0","7.34M","0.00%"
"19/02/2024","25,664.0","25,808.0","25,856.0","25,377.0","10.74M","-0.56%"
"16/02/2024","25,808.0","25,904.0","26,143.0","25,712.0","6.88M","-0.19%"
"15/02/2024","25,856.0","26,335.0","26,335.0","25,712.0","6.29M","-1.10%"
"07/02/2024","26,143.0","26,287.0","26,478.0","26,095.0","4.70M","0.00%"
"06/02/2024","26,143.0","25,856.0","26,622.0","25,856.0","5.54M","1.30%"
"05/02/2024","25,808.0","25,569.0","25,952.0","25,281.0","5.63M","0.56%"
"02/02/2024","25,664.0","25,712.0","26,000.0","25,521.0","5.01M","0.37%"
"01/02/2024","25,569.0","25,425.0","25,856.0","25,329.0","3.36M","0.76%"
"31/01/2024","25,377.0","25,952.0","26,430.0","25,377.0","10.41M","-1.67%"
"30/01/2024","25,808.0","25,329.0","25,904.0","25,233.0","4.98M","1.89%"
"29/01/2024","25,329.0","25,856.0","26,000.0","25,186.0","6.31M","-1.49%"
"26/01/2024","25,712.0","25,233.0","26,239.0","25,186.0","8.66M","2.09%"
"25/01/2024","25,186.0","25,329.0","25,569.0","24,994.0","5.42M","0.38%"
"24/01/2024","25,090.0","24,036.0","25,664.0","24,036.0","19.15M","4.39%"
"23/01/2024","24,036.0","23,845.0","24,084.0","23,653.0","9.89M","1.00%"
"22/01/2024","23,797.0","23,510.0","23,797.0","23,079.0","5.57M","1.84%"
"19/01/2024","23,366.0","23,749.0","23,797.0","23,366.0","4.68M","-0.82%"
"18/01/2024","23,558.0","23,845.0","23,941.0","23,558.0","3.96M","-1.00%"
"17/01/2024","23,797.0","23,749.0","24,324.0","23,462.0","9.17M","0.61%"
"16/01/2024","23,653.0","23,175.0","23,653.0","22,983.0","4.26M","1.86%"
"15/01/2024","23,222.0","23,653.0","23,797.0","23,222.0","2.12M","-1.23%"
"12/01/2024","23,510.0","23,270.0","23,653.0","22,744.0","8.53M","0.82%"
"11/01/2024","23,318.0","23,175.0","23,605.0","23,127.0","4.01M","0.83%"
"10/01/2024","23,127.0","23,366.0","23,414.0","23,031.0","4.24M","-0.82%"
"09/01/2024","23,318.0","23,653.0","23,653.0","23,222.0","5.65M","-1.02%"
"08/01/2024","23,558.0","23,653.0","23,797.0","23,510.0","3.77M","0.00%"
"05/01/2024","23,558.0","23,701.0","23,749.0","23,222.0","8.87M","-0.40%"
"04/01/2024","23,653.0","23,653.0","24,036.0","23,653.0","10.11M","-0.40%"
"03/01/2024","23,749.0","23,653.0","23,845.0","23,510.0","6.66M","0.41%"
"02/01/2024","23,653.0","24,324.0","24,324.0","23,605.0","17.26M","3.96%"
"29/12/2023","22,751.0","22,618.0","22,817.0","22,518.0","19.91M","0.59%"
"28/12/2023","22,618.0","22,485.0","22,618.0","22,285.0","13.56M","1.80%"
"27/12/2023","22,219.0","21,886.0","22,618.0","21,853.0","20.70M","1.99%"
"26/12/2023","21,786.0","21,886.0","21,986.0","21,753.0","12.93M","-0.16%"
"25/12/2023","21,820.0","21,686.0","21,953.0","21,454.0","9.91M","1.24%"
"22/12/2023","21,553.0","21,820.0","22,019.0","21,487.0","8.96M","-0.92%"
"21/12/2023","21,753.0","21,686.0","22,019.0","21,520.0","10.83M","0.15%"
"20/12/2023","21,720.0","20,988.0","22,019.0","20,988.0","19.32M","3.65%"
"19/12/2023","20,955.0","20,622.0","20,955.0","20,489.0","9.25M","1.61%"
"18/12/2023","20,622.0","21,021.0","21,088.0","20,622.0","7.54M","-1.59%"
"15/12/2023","20,955.0","20,489.0","20,988.0","20,356.0","8.58M","2.44%"
"14/12/2023","20,456.0","20,921.0","20,955.0","20,290.0","9.51M","-0.96%"
"13/12/2023","20,655.0","21,287.0","21,387.0","20,622.0","12.30M","-2.05%"
"12/12/2023","21,088.0","21,321.0","21,520.0","21,055.0","6.21M","-0.93%"
"11/12/2023","21,287.0","20,822.0","21,487.0","20,722.0","15.35M","3.22%"
"08/12/2023","20,622.0","20,622.0","20,822.0","20,456.0","7.91M","0.49%"
"07/12/2023","20,522.0","21,121.0","21,154.0","20,023.0","16.23M","-2.07%"
"06/12/2023","20,955.0","20,622.0","21,021.0","20,489.0","10.14M","2.44%"
"05/12/2023","20,456.0","20,722.0","20,755.0","20,389.0","7.06M","-0.80%"
"04/12/2023","20,622.0","19,990.0","20,955.0","19,924.0","12.41M","5.09%"
"01/12/2023","19,624.0","19,757.0","19,890.0","19,391.0","5.37M","0.85%"
"30/11/2023","19,458.0","19,558.0","19,791.0","19,458.0","6.26M","-0.17%"
"29/11/2023","19,491.0","19,391.0","19,691.0","19,391.0","5.70M","0.34%"
"28/11/2023","19,425.0","19,092.0","19,458.0","18,660.0","6.47M","1.74%"
"27/11/2023","19,092.0","19,558.0","19,624.0","19,026.0","4.10M","-2.38%"
"24/11/2023","19,558.0","19,358.0","19,558.0","18,693.0","8.80M","2.80%"
"23/11/2023","19,026.0","20,356.0","20,489.0","19,026.0","10.16M","-5.61%"
"22/11/2023","20,156.0","19,591.0","20,256.0","19,591.0","12.01M","2.71%"
"21/11/2023","19,624.0","19,757.0","19,791.0","19,491.0","5.33M","0.51%"
"20/11/2023","19,524.0","18,693.0","19,691.0","18,593.0","8.71M","2.26%"
"17/11/2023","19,092.0","19,757.0","19,890.0","19,026.0","9.93M","-3.04%"
"16/11/2023","19,691.0","19,558.0","19,691.0","19,258.0","6.15M","0.51%"
"15/11/2023","19,591.0","20,057.0","20,156.0","19,524.0","8.33M","0.17%"
"14/11/2023","19,558.0","19,691.0","19,791.0","19,325.0","6.77M","0.68%"
"13/11/2023","19,425.0","19,159.0","19,491.0","18,893.0","6.76M","1.04%"
"10/11/2023","19,225.0","19,092.0","19,824.0","18,959.0","8.18M","-0.35%"
"09/11/2023","19,292.0","19,292.0","19,824.0","19,159.0","11.73M","0.69%"
"08/11/2023","19,159.0","17,961.0","19,159.0","17,895.0","10.18M","6.87%"
"07/11/2023","17,928.0","18,161.0","18,427.0","17,928.0","6.47M","-1.64%"
"06/11/2023","18,227.0","18,161.0","18,327.0","18,028.0","5.22M","1.48%"
"03/11/2023","17,961.0","18,327.0","18,360.0","17,795.0","8.01M","-1.46%"
"02/11/2023","18,227.0","17,629.0","18,427.0","17,529.0","8.67M","5.38%"
"01/11/2023","17,296.0","16,298.0","17,329.0","16,132.0","8.08M","6.55%"
"31/10/2023","16,232.0","17,496.0","17,496.0","16,165.0","10.44M","-6.15%"
"30/10/2023","17,296.0","18,028.0","18,360.0","17,296.0","4.21M","-5.46%"
"27/10/2023","18,294.0","18,161.0","18,560.0","17,562.0","6.20M","2.61%"
"26/10/2023","17,828.0","18,626.0","18,660.0","17,762.0","17.29M","-6.62%"
"25/10/2023","19,092.0","19,658.0","19,757.0","19,059.0","4.76M","-2.71%"
"24/10/2023","19,624.0","19,258.0","19,724.0","19,258.0","5.34M","1.90%"
"23/10/2023","19,258.0","19,225.0","19,624.0","18,992.0","6.26M","0.17%"
"20/10/2023","19,225.0","18,061.0","19,225.0","17,961.0","9.81M","6.84%"
"19/10/2023","17,994.0","18,626.0","18,759.0","17,961.0","5.78M","-3.39%"
"18/10/2023","18,626.0","19,026.0","19,292.0","17,429.0","11.62M","-0.18%"
"17/10/2023","18,660.0","20,223.0","20,456.0","18,660.0","4.17M","-6.97%"
"16/10/2023","20,057.0","20,755.0","20,855.0","20,057.0","6.71M","-3.98%"
"13/10/2023","20,888.0","20,689.0","21,021.0","20,323.0","5.71M","-0.32%"
"12/10/2023","20,955.0","20,888.0","21,354.0","20,755.0","7.85M","1.12%"
"11/10/2023","20,722.0","20,090.0","20,722.0","19,990.0","6.09M","3.15%"
"10/10/2023","20,090.0","20,489.0","20,622.0","19,957.0","5.04M","-0.99%"
"09/10/2023","20,290.0","19,857.0","20,290.0","19,724.0","4.58M","2.18%"
"06/10/2023","19,857.0","19,292.0","19,857.0","18,926.0","5.83M","2.93%"
"05/10/2023","19,292.0","19,924.0","20,123.0","19,292.0","4.66M","-2.35%"
"04/10/2023","19,757.0","19,159.0","20,356.0","19,026.0","8.16M","2.41%"
"03/10/2023","19,292.0","20,423.0","20,456.0","19,292.0","12.16M","-6.75%"
"02/10/2023","20,689.0","20,223.0","20,788.0","20,223.0","5.15M","1.80%"
"29/09/2023","20,323.0","20,788.0","20,955.0","20,090.0","5.80M","-0.97%"
"28/09/2023","20,522.0","20,888.0","20,955.0","20,356.0","6.64M","-2.07%"
"27/09/2023","20,955.0","20,290.0","20,955.0","19,924.0","8.36M","5.00%"
"26/09/2023","19,957.0","19,724.0","20,855.0","19,691.0","9.87M","1.18%"
"25/09/2023","19,724.0","21,287.0","21,354.0","19,724.0","14.93M","-6.91%"
"22/09/2023","21,188.0","21,953.0","22,152.0","21,188.0","17.93M","-6.87%"
"21/09/2023","22,751.0","23,483.0","23,483.0","22,751.0","14.74M","-3.12%"
"20/09/2023","23,483.0","23,217.0","23,616.0","23,150.0","8.66M","1.88%"
"19/09/2023","23,050.0","23,250.0","23,250.0","22,751.0","9.43M","0.14%"
"18/09/2023","23,017.0","22,817.0","23,217.0","22,618.0","8.15M","0.44%"
"15/09/2023","22,917.0","22,950.0","23,183.0","22,618.0","9.29M","0.58%"
"14/09/2023","22,784.0","23,582.0","23,782.0","22,784.0","13.50M","-3.25%"
"13/09/2023","23,549.0","23,882.0","24,048.0","23,283.0","11.04M","-1.25%"
"12/09/2023","23,848.0","22,618.0","23,882.0","22,518.0","15.34M","5.59%"
"11/09/2023","22,585.0","22,817.0","23,150.0","22,518.0","15.12M","-0.15%"
"08/09/2023","22,618.0","22,285.0","22,884.0","22,219.0","10.16M","1.34%"
"07/09/2023","22,318.0","22,751.0","22,784.0","22,219.0","13.55M","-1.47%"
"06/09/2023","22,651.0","22,285.0","23,250.0","22,052.0","12.23M","1.64%"
"05/09/2023","22,285.0","21,919.0","22,585.0","21,753.0","21.28M","2.45%"
"31/08/2023","21,753.0","21,953.0","22,252.0","21,720.0","11.01M","0.00%"
"30/08/2023","21,753.0","20,522.0","21,753.0","20,356.0","19.86M","6.86%"
"29/08/2023","20,356.0","20,256.0","20,622.0","20,090.0","10.62M","1.32%"
"28/08/2023","20,090.0","20,123.0","20,156.0","19,857.0","9.17M","1.01%"
"25/08/2023","19,890.0","19,757.0","20,256.0","19,658.0","7.66M","0.50%"
"24/08/2023","19,791.0","19,192.0","19,791.0","19,059.0","8.26M","3.12%"
"23/08/2023","19,192.0","19,624.0","19,624.0","19,059.0","4.61M","-1.20%"
"22/08/2023","19,425.0","18,992.0","19,425.0","18,028.0","10.86M","2.46%"
"21/08/2023","18,959.0","19,092.0","19,258.0","18,660.0","8.26M","0.35%"
"18/08/2023","18,893.0","20,223.0","20,290.0","18,893.0","13.01M","-6.89%"
"17/08/2023","20,290.0","20,290.0","20,888.0","20,256.0","13.61M","0.66%"
"16/08/2023","20,156.0","20,057.0","20,223.0","19,890.0","4.49M","0.49%"
"15/08/2023","20,057.0","20,423.0","20,522.0","19,990.0","5.54M","-1.63%"
"14/08/2023","20,389.0","19,890.0","20,522.0","19,624.0","12.62M","3.90%"
"11/08/2023","19,624.0","19,924.0","19,957.0","19,358.0","9.79M","-1.17%"
"10/08/2023","19,857.0","20,356.0","20,423.0","19,857.0","7.58M","-2.29%"
"09/08/2023","20,323.0","20,689.0","20,822.0","20,323.0","7.10M","-2.08%"
"08/08/2023","20,755.0","20,955.0","21,254.0","20,722.0","8.30M","-0.32%"
"07/08/2023","20,822.0","20,389.0","20,822.0","20,290.0","9.84M","3.30%"
"04/08/2023","20,156.0","19,957.0","20,156.0","19,724.0","5.64M","2.02%"
"03/08/2023","19,757.0","20,090.0","20,156.0","19,757.0","5.47M","-1.66%"
"02/08/2023","20,090.0","19,990.0","20,290.0","19,924.0","4.99M","0.67%"
"01/08/2023","19,957.0","20,489.0","20,522.0","19,957.0","9.12M","-2.60%"
"31/07/2023","20,489.0","20,722.0","20,755.0","20,423.0","6.11M","-0.16%"
"28/07/2023","20,522.0","20,290.0","20,722.0","20,190.0","9.12M","1.31%"
"27/07/2023","20,256.0","20,156.0","20,456.0","20,023.0","7.25M","0.66%"
"26/07/2023","20,123.0","20,156.0","20,256.0","19,957.0","4.85M","-0.16%"
"25/07/2023","20,156.0","20,290.0","20,589.0","20,123.0","6.96M","-0.66%"
"24/07/2023","20,290.0","20,489.0","20,522.0","20,090.0","4.73M","0.17%"
"21/07/2023","20,256.0","19,757.0","20,256.0","19,757.0","6.53M","1.84%"
"20/07/2023","19,890.0","20,156.0","20,223.0","19,691.0","7.39M","-1.32%"
"19/07/2023","20,156.0","20,556.0","20,622.0","20,156.0","6.73M","-1.78%"
"18/07/2023","20,522.0","20,456.0","20,722.0","20,389.0","5.36M","-0.33%"
"17/07/2023","20,589.0","20,223.0","20,822.0","20,156.0","9.61M","1.98%"
"14/07/2023","20,190.0","20,223.0","20,323.0","19,691.0","7.06M","0.17%"
"13/07/2023","20,156.0","20,023.0","20,223.0","19,924.0","5.18M","1.67%"
"12/07/2023","19,824.0","20,090.0","20,323.0","19,624.0","9.48M","-1.32%"
"11/07/2023","20,090.0","20,057.0","20,323.0","19,957.0","9.16M","0.50%"
"10/07/2023","19,990.0","20,023.0","20,356.0","19,990.0","9.33M","0.84%"
"07/07/2023","19,824.0","19,491.0","19,824.0","19,258.0","6.79M","0.68%"
"06/07/2023","19,691.0","19,558.0","20,123.0","19,225.0","15.35M","0.17%"
"05/07/2023","19,658.0","19,824.0","19,890.0","19,425.0","7.34M","-0.84%"
"04/07/2023","19,824.0","18,893.0","19,824.0","18,759.0","19.15M","5.68%"
"03/07/2023","18,759.0","18,793.0","18,992.0","18,693.0","4.56M","0.18%"
"30/06/2023","18,726.0","18,626.0","18,893.0","18,560.0","5.78M","0.54%"
"29/06/2023","18,626.0","19,391.0","19,425.0","18,626.0","8.30M","-3.62%"
"28/06/2023","19,325.0","19,292.0","19,524.0","19,092.0","6.85M","0.87%"
"27/06/2023","19,159.0","19,092.0","19,159.0","18,893.0","6.10M","1.05%"
"26/06/2023","18,959.0","19,225.0","19,225.0","18,493.0","9.00M","-0.70%"
"23/06/2023","19,092.0","19,292.0","19,391.0","18,859.0","10.26M","-0.69%"
"22/06/2023","19,225.0","19,059.0","19,358.0","18,859.0","8.74M","1.40%"
"21/06/2023","18,959.0","18,227.0","18,992.0","18,194.0","17.02M","4.39%"
"20/06/2023","18,161.0","18,061.0","18,161.0","17,861.0","5.76M","0.74%"
"19/06/2023","18,028.0","17,895.0","18,161.0","17,695.0","7.58M","0.93%"
"16/06/2023","17,861.0","17,629.0","18,460.0","17,629.0","24.01M","1.89%"
"15/06/2023","17,529.0","17,396.0","17,695.0","17,296.0","7.67M","0.96%"
"14/06/2023","17,362.0","17,529.0","17,728.0","17,296.0","8.27M","-0.20%"
"13/06/2023","17,396.0","17,662.0","17,695.0","17,396.0","7.61M","-0.95%"
"12/06/2023","17,562.0","17,762.0","17,762.0","17,296.0","6.78M","-0.75%"
"09/06/2023","17,695.0","17,496.0","17,695.0","17,229.0","7.50M","1.92%"
"08/06/2023","17,362.0","18,094.0","18,094.0","17,296.0","17.10M","-3.51%"
"07/06/2023","17,994.0","18,158.0","18,158.0","17,831.0","9.14M","-0.54%"
"06/06/2023","18,092.0","17,537.0","18,092.0","17,472.0","11.64M","3.16%"
"05/06/2023","17,537.0","18,125.0","18,125.0","17,537.0","12.20M","-2.01%"
"02/06/2023","17,896.0","18,158.0","18,223.0","17,896.0","9.53M","0.00%"
"01/06/2023","17,896.0","17,635.0","17,896.0","17,505.0","7.37M","1.10%"
"31/05/2023","17,701.0","17,864.0","17,994.0","17,570.0","8.99M","-0.55%"
"30/05/2023","17,799.0","17,766.0","17,929.0","17,570.0","8.68M","0.19%"
"29/05/2023","17,766.0","17,472.0","17,766.0","17,309.0","9.17M","3.03%"
"26/05/2023","17,243.0","17,015.0","17,407.0","16,982.0","5.42M","1.54%"
"25/05/2023","16,982.0","17,080.0","17,276.0","16,917.0","7.83M","-1.14%"
"24/05/2023","17,178.0","17,570.0","17,635.0","17,178.0","8.88M","-1.32%"
"23/05/2023","17,407.0","17,178.0","17,799.0","17,178.0","19.41M","1.72%"
"22/05/2023","17,113.0","16,949.0","17,243.0","16,949.0","6.90M","1.75%"
"19/05/2023","16,819.0","16,786.0","17,047.0","16,655.0","8.17M","0.39%"
"18/05/2023","16,753.0","16,525.0","17,047.0","16,427.0","8.29M","1.78%"
"17/05/2023","16,460.0","16,655.0","16,753.0","16,427.0","5.95M","-1.75%"
"16/05/2023","16,753.0","16,753.0","16,884.0","16,623.0","4.81M","0.00%"
"15/05/2023","16,753.0","17,145.0","17,211.0","16,721.0","5.81M","-1.54%"
"12/05/2023","17,015.0","16,688.0","17,080.0","16,590.0","7.59M","1.96%"
"11/05/2023","16,688.0","16,721.0","16,851.0","16,590.0","5.16M","0.00%"
"10/05/2023","16,688.0","16,721.0","16,819.0","16,623.0","5.71M","0.20%"
"09/05/2023","16,655.0","16,786.0","16,786.0","16,460.0","3.39M","0.00%"
"08/05/2023","16,655.0","16,427.0","16,721.0","16,394.0","6.57M","2.20%"
"05/05/2023","16,296.0","16,525.0","16,590.0","16,296.0","3.48M","-1.77%"
"04/05/2023","16,590.0","16,198.0","16,623.0","16,166.0","6.19M","1.80%"
"28/04/2023","16,296.0","16,198.0","16,329.0","16,002.0","4.49M","1.84%"
"27/04/2023","16,002.0","16,231.0","16,394.0","16,002.0","3.37M","-1.61%"
"26/04/2023","16,264.0","15,970.0","16,264.0","15,741.0","7.06M","1.22%"
"25/04/2023","16,068.0","16,688.0","16,688.0","15,839.0","10.00M","-2.96%"
"24/04/2023","16,558.0","16,655.0","16,949.0","16,525.0","3.87M","-0.97%"
"21/04/2023","16,721.0","16,655.0","17,145.0","16,525.0","7.83M","0.98%"
"20/04/2023","16,558.0","16,721.0","16,819.0","16,525.0","4.84M","-0.97%"
"19/04/2023","16,721.0","17,145.0","17,276.0","16,721.0","8.61M","-2.85%"
"18/04/2023","17,211.0","16,786.0","17,276.0","16,655.0","10.54M","3.13%"
"17/04/2023","16,688.0","16,623.0","16,721.0","16,427.0","4.06M","1.19%"
"14/04/2023","16,492.0","16,917.0","17,015.0","16,492.0","7.75M","-1.75%"
"13/04/2023","16,786.0","16,558.0","16,982.0","16,460.0","10.08M","1.58%"
"12/04/2023","16,525.0","16,949.0","16,949.0","16,492.0","7.84M","-2.32%"
"11/04/2023","16,917.0","16,721.0","16,982.0","16,427.0","9.50M","1.17%"
"10/04/2023","16,721.0","17,374.0","17,439.0","16,721.0","10.99M","-2.29%"
"07/04/2023","17,113.0","16,884.0","17,211.0","16,721.0","11.00M","1.75%"
"06/04/2023","16,819.0","17,439.0","17,603.0","16,786.0","14.44M","-3.74%"
"05/04/2023","17,472.0","17,309.0","17,472.0","17,047.0","9.88M","0.19%"
"04/04/2023","17,439.0","16,982.0","17,635.0","16,851.0","17.33M","2.30%"
"03/04/2023","17,047.0","17,080.0","17,145.0","16,949.0","13.06M","2.35%"
"31/03/2023","16,655.0","16,198.0","16,917.0","15,872.0","15.81M","3.24%"
"30/03/2023","16,133.0","16,590.0","16,590.0","16,100.0","7.55M","-0.60%"
"29/03/2023","16,231.0","16,002.0","16,231.0","15,904.0","6.28M","1.84%"
"28/03/2023","15,937.0","16,362.0","16,427.0","15,937.0","6.49M","-1.81%"
"27/03/2023","16,231.0","16,068.0","16,525.0","15,937.0","9.25M","1.43%"
"24/03/2023","16,002.0","16,166.0","16,264.0","15,970.0","7.97M","0.00%"
"23/03/2023","16,002.0","15,414.0","16,002.0","15,414.0","8.22M","2.72%"
"22/03/2023","15,578.0","15,741.0","15,904.0","15,545.0","5.05M","-0.20%"
"21/03/2023","15,610.0","15,317.0","15,643.0","15,153.0","4.41M","3.02%"
"20/03/2023","15,153.0","15,512.0","15,578.0","15,153.0","6.15M","-2.31%"
"17/03/2023","15,512.0","15,872.0","15,937.0","15,414.0","5.38M","-0.84%"
"16/03/2023","15,643.0","15,872.0","16,068.0","15,578.0","8.29M","-2.24%"
"15/03/2023","16,002.0","15,512.0","16,002.0","15,414.0","9.20M","6.99%"
"14/03/2023","14,957.0","15,643.0","15,643.0","14,925.0","10.08M","-4.59%"
"13/03/2023","15,676.0","15,676.0","15,970.0","15,447.0","6.78M","-1.23%"
"10/03/2023","15,872.0","15,904.0","16,035.0","15,676.0","9.02M","-1.22%"
"09/03/2023","16,068.0","16,231.0","16,394.0","16,002.0","10.66M","-1.00%"
"08/03/2023","16,231.0","15,610.0","16,231.0","15,480.0","8.85M","3.11%"
"07/03/2023","15,741.0","15,349.0","15,872.0","15,317.0","7.06M","3.88%"
"06/03/2023","15,153.0","15,317.0","15,578.0","15,023.0","4.95M","1.31%"
"03/03/2023","14,957.0","15,480.0","15,578.0","14,957.0","5.48M","-2.55%"
"02/03/2023","15,349.0","15,806.0","15,806.0","15,284.0","4.01M","-2.09%"
"01/03/2023","15,676.0","14,827.0","15,676.0","14,696.0","6.84M","5.73%"
"28/02/2023","14,827.0","15,088.0","15,284.0","14,794.0","4.13M","-0.22%"
"27/02/2023","14,859.0","15,349.0","15,414.0","14,729.0","11.37M","-5.21%"
"24/02/2023","15,676.0","16,362.0","16,427.0","15,610.0","5.94M","-4.19%"
"23/02/2023","16,362.0","16,002.0","16,362.0","15,382.0","12.51M","3.52%"
"22/02/2023","15,806.0","16,851.0","17,047.0","15,806.0","17.02M","-6.92%"
"21/02/2023","16,982.0","16,917.0","17,243.0","16,851.0","13.54M","0.58%"
"20/02/2023","16,884.0","15,872.0","16,884.0","15,872.0","17.85M","6.82%"
"17/02/2023","15,806.0","15,904.0","15,937.0","15,610.0","4.00M","-0.62%"
"16/02/2023","15,904.0","15,414.0","15,904.0","15,382.0","5.81M","4.28%"
"15/02/2023","15,251.0","14,794.0","15,382.0","14,729.0","4.47M","2.41%"
"14/02/2023","14,892.0","14,957.0","15,055.0","14,729.0","2.40M","0.44%"
"13/02/2023","14,827.0","15,284.0","15,480.0","14,435.0","6.75M","-4.22%"
"10/02/2023","15,480.0","15,545.0","15,904.0","15,349.0","4.61M","-1.45%"
"09/02/2023","15,708.0","15,774.0","16,002.0","15,676.0","4.61M","-0.42%"
"08/02/2023","15,774.0","15,480.0","15,937.0","14,925.0","4.99M","3.65%"
"07/02/2023","15,219.0","15,676.0","15,937.0","15,219.0","6.64M","-2.10%"
"06/02/2023","15,545.0","15,414.0","15,610.0","15,219.0","3.85M","0.85%"
"03/02/2023","15,414.0","15,414.0","15,676.0","15,153.0","3.48M","0.42%"
"02/02/2023","15,349.0","15,414.0","15,676.0","15,088.0","7.66M","0.21%"
"01/02/2023","15,317.0","16,427.0","16,525.0","15,317.0","10.75M","-6.94%"
"31/01/2023","16,460.0","15,806.0","16,460.0","15,545.0","9.32M","3.70%"
"30/01/2023","15,872.0","15,872.0","16,264.0","15,676.0","8.42M","0.00%"
"27/01/2023","15,872.0","16,166.0","16,166.0","15,806.0","6.78M","0.00%"
"19/01/2023","15,872.0","15,382.0","15,872.0","15,382.0","6.89M","1.89%"
"18/01/2023","15,578.0","15,610.0","15,806.0","15,317.0","7.38M","-0.20%"
"17/01/2023","15,610.0","15,317.0","15,610.0","15,153.0","7.20M","4.14%"
"16/01/2023","14,990.0","14,734.0","15,118.0","14,574.0","5.84M","2.63%"
"13/01/2023","14,606.0","14,734.0","15,086.0","14,542.0","8.41M","0.00%"
"12/01/2023","14,606.0","14,574.0","14,766.0","14,447.0","4.47M","-0.44%"
"11/01/2023","14,670.0","14,511.0","14,990.0","14,415.0","7.20M","2.22%"
"10/01/2023","14,351.0","14,287.0","14,479.0","13,775.0","5.73M","0.67%"
"09/01/2023","14,255.0","14,383.0","14,606.0","14,191.0","4.54M","0.45%"
"06/01/2023","14,191.0","14,223.0","14,766.0","14,191.0","7.66M","-0.45%"
"05/01/2023","14,255.0","13,871.0","14,351.0","13,839.0","5.98M","2.53%"
"04/01/2023","13,903.0","13,935.0","14,159.0","13,839.0","7.40M","1.63%"
"03/01/2023","13,680.0","12,976.0","13,680.0","12,944.0","4.66M","7.00%"
"30/12/2022","12,785.0","13,232.0","13,360.0","12,785.0","4.63M","-1.96%"
"29/12/2022","13,040.0","13,488.0","13,648.0","13,040.0","5.23M","-4.45%"
"28/12/2022","13,648.0","13,743.0","13,903.0","13,360.0","5.31M","1.19%"
"27/12/2022","13,488.0","12,657.0","13,488.0","12,593.0","7.56M","6.84%"
"26/12/2022","12,625.0","13,743.0","13,775.0","12,625.0","9.37M","-6.84%"
"23/12/2022","13,552.0","14,063.0","14,159.0","13,552.0","6.17M","-3.63%"
"22/12/2022","14,063.0","14,479.0","14,479.0","13,807.0","5.26M","-0.68%"
"21/12/2022","14,159.0","14,255.0","14,255.0","13,168.0","9.24M","1.37%"
"20/12/2022","13,967.0","14,319.0","14,511.0","13,488.0","12.91M","-2.68%"
"19/12/2022","14,351.0","14,830.0","15,597.0","14,351.0","13.14M","-3.02%"
"16/12/2022","14,798.0","14,766.0","15,278.0","14,574.0","8.92M","-1.28%"
"15/12/2022","14,990.0","14,223.0","15,022.0","14,223.0","11.84M","3.76%"
"14/12/2022","14,447.0","14,702.0","14,830.0","14,319.0","10.41M","1.35%"
"13/12/2022","14,255.0","13,424.0","14,255.0","13,104.0","10.83M","6.96%"
"12/12/2022","13,328.0","14,191.0","14,830.0","13,328.0","11.26M","-5.87%"
"09/12/2022","14,159.0","14,479.0","14,542.0","13,935.0","7.11M","-1.99%"
"08/12/2022","14,447.0","13,871.0","14,447.0","13,743.0","11.03M","6.86%"
"07/12/2022","13,520.0","13,807.0","14,063.0","13,360.0","11.93M","-2.98%"
"06/12/2022","13,935.0","14,574.0","14,894.0","13,935.0","19.62M","-6.84%"
"05/12/2022","14,958.0","15,022.0","15,182.0","14,447.0","13.85M","0.03%"
"02/12/2022","14,954.0","13,953.0","14,954.0","13,786.0","13.92M","6.92%"
"01/12/2022","13,986.0","15,021.0","15,021.0","13,819.0","17.41M","-4.56%"
"30/11/2022","14,654.0","14,019.0","14,987.0","13,886.0","11.08M","2.33%"
"29/11/2022","14,320.0","14,186.0","14,720.0","13,552.0","19.63M","0.94%"
"28/11/2022","14,186.0","13,719.0","14,286.0","13,586.0","14.98M","5.98%"
"25/11/2022","13,385.0","12,918.0","13,385.0","12,551.0","10.43M","6.93%"
"24/11/2022","12,517.0","11,716.0","12,517.0","11,549.0","9.82M","5.93%"
"23/11/2022","11,816.0","12,517.0","12,751.0","11,816.0","7.18M","-6.84%"
"22/11/2022","12,684.0","12,250.0","13,185.0","12,117.0","13.79M","2.70%"
"21/11/2022","12,350.0","12,484.0","12,718.0","12,217.0","7.35M","0.00%"
"18/11/2022","12,350.0","11,549.0","12,551.0","11,149.0","12.70M","5.11%"
"17/11/2022","11,750.0","11,416.0","11,750.0","11,349.0","10.04M","6.99%"
"16/11/2022","10,982.0","9,580.0","10,982.0","9,580.0","14.39M","6.82%"
"15/11/2022","10,281.0","10,782.0","11,082.0","10,281.0","10.50M","-6.95%"
"14/11/2022","11,049.0","11,382.0","11,683.0","10,982.0","12.85M","-6.23%"
"11/11/2022","11,783.0","13,018.0","13,285.0","11,783.0","13.32M","-6.86%"
"10/11/2022","12,651.0","13,252.0","13,352.0","12,651.0","8.52M","-6.88%"
"09/11/2022","13,586.0","13,652.0","13,953.0","13,218.0","8.97M","1.00%"
"08/11/2022","13,452.0","12,484.0","13,552.0","12,451.0","8.16M","4.40%"
"07/11/2022","12,885.0","13,686.0","14,086.0","12,885.0","12.30M","-6.76%"
"04/11/2022","13,819.0","13,886.0","14,286.0","13,152.0","13.03M","-1.90%"
"03/11/2022","14,086.0","13,686.0","14,620.0","13,619.0","12.10M","0.95%"
"02/11/2022","13,953.0","13,886.0","14,153.0","13,719.0","6.28M","0.48%"
"01/11/2022","13,886.0","14,086.0","14,220.0","13,786.0","7.96M","1.46%"
"31/10/2022","13,686.0","12,851.0","13,686.0","12,718.0","14.12M","6.77%"
"28/10/2022","12,818.0","12,918.0","13,152.0","12,784.0","7.30M","1.86%"
"27/10/2022","12,584.0","12,150.0","12,584.0","11,816.0","6.18M","6.80%"
"26/10/2022","11,783.0","12,250.0","12,317.0","11,583.0","2.52M","-1.67%"
"25/10/2022","11,983.0","11,616.0","12,350.0","10,815.0","8.33M","3.76%"
"24/10/2022","11,549.0","12,451.0","12,651.0","11,549.0","8.10M","-6.99%"
"21/10/2022","12,417.0","13,385.0","13,485.0","12,417.0","8.47M","-7.00%"
"20/10/2022","13,352.0","13,686.0","13,786.0","13,352.0","3.62M","-2.68%"
"19/10/2022","13,719.0","13,886.0","14,019.0","13,686.0","2.82M","-0.24%"
"18/10/2022","13,752.0","14,220.0","14,387.0","13,686.0","4.95M","-1.44%"
"17/10/2022","13,953.0","13,352.0","13,953.0","13,185.0","5.20M","3.21%"
"14/10/2022","13,519.0","13,519.0","13,853.0","13,385.0","5.85M","3.32%"
"13/10/2022","13,085.0","12,951.0","13,185.0","12,784.0","3.09M","1.55%"
"12/10/2022","12,885.0","12,451.0","13,318.0","12,451.0","5.27M","3.49%"
"11/10/2022","12,451.0","13,385.0","13,385.0","12,451.0","7.48M","-6.98%"
"10/10/2022","13,385.0","12,684.0","13,686.0","12,684.0","5.76M","3.88%"
"07/10/2022","12,885.0","13,118.0","13,485.0","12,885.0","10.06M","-6.99%"
"06/10/2022","13,853.0","14,887.0","14,887.0","13,853.0","8.66M","-6.95%"
"05/10/2022","14,887.0","14,220.0","15,121.0","14,220.0","5.53M","4.69%"
"04/10/2022","14,220.0","15,421.0","15,488.0","14,186.0","10.02M","-6.58%"
"03/10/2022","15,221.0","16,223.0","16,223.0","15,221.0","7.26M","-6.94%"
"30/09/2022","16,356.0","16,389.0","16,623.0","15,255.0","17.82M","-0.20%"
"29/09/2022","16,389.0","17,858.0","17,858.0","16,389.0","8.52M","-6.30%"
"28/09/2022","17,491.0","17,291.0","17,958.0","17,157.0","16.13M","1.16%"
"27/09/2022","17,291.0","17,224.0","17,758.0","17,024.0","7.24M","0.39%"
"26/09/2022","17,224.0","17,357.0","17,591.0","16,456.0","12.19M","-2.64%"
"23/09/2022","17,691.0","18,058.0","18,225.0","17,691.0","10.26M","-2.58%"
"22/09/2022","18,159.0","17,090.0","18,159.0","17,024.0","14.24M","5.23%"
"21/09/2022","17,257.0","16,757.0","17,458.0","16,757.0","5.11M","1.57%"
"20/09/2022","16,990.0","16,823.0","17,191.0","16,356.0","8.85M","2.41%"
"19/09/2022","16,590.0","17,558.0","17,624.0","16,523.0","10.88M","-5.51%"
"16/09/2022","17,558.0","17,891.0","18,159.0","17,491.0","10.87M","-2.23%"
"15/09/2022","17,958.0","18,225.0","18,292.0","17,891.0","7.36M","-1.11%"
"14/09/2022","18,159.0","16,890.0","18,159.0","16,723.0","16.66M","5.84%"
"13/09/2022","17,157.0","16,757.0","17,157.0","16,423.0","5.99M","2.39%"
"12/09/2022","16,757.0","17,191.0","17,191.0","16,757.0","4.03M","-1.18%"
"09/09/2022","16,957.0","16,656.0","16,957.0","15,889.0","6.85M","2.63%"
"08/09/2022","16,523.0","16,757.0","16,890.0","16,356.0","7.43M","0.61%"
"07/09/2022","16,423.0","17,491.0","17,825.0","16,389.0","10.54M","-6.46%"
"06/09/2022","17,558.0","17,791.0","17,958.0","17,558.0","6.37M","-0.57%"
"05/09/2022","17,658.0","17,291.0","17,825.0","17,291.0","8.07M","1.34%"
"31/08/2022","17,424.0","17,157.0","17,758.0","17,157.0","8.22M","0.00%"
"30/08/2022","17,424.0","18,025.0","18,092.0","17,357.0","9.94M","-2.61%"
"29/08/2022","17,891.0","17,825.0","18,025.0","17,157.0","19.32M","-2.55%"
"26/08/2022","18,359.0","18,926.0","18,926.0","18,225.0","12.17M","-3.00%"
"25/08/2022","18,926.0","18,893.0","19,227.0","18,860.0","8.78M","0.35%"
"24/08/2022","18,860.0","19,026.0","19,193.0","18,793.0","7.85M","-0.87%"
"23/08/2022","19,026.0","18,159.0","19,026.0","18,025.0","16.48M","2.89%"
"22/08/2022","18,492.0","18,693.0","18,826.0","18,292.0","11.07M","-1.60%"
"19/08/2022","18,793.0","18,893.0","18,960.0","18,592.0","10.69M","-0.53%"
"18/08/2022","18,893.0","18,025.0","19,026.0","18,025.0","23.83M","4.82%"
"17/08/2022","18,025.0","18,025.0","18,526.0","17,858.0","15.70M","0.75%"
"16/08/2022","17,891.0","18,025.0","18,159.0","17,891.0","8.61M","-1.11%"
"15/08/2022","18,092.0","18,359.0","18,459.0","17,958.0","9.62M","-0.73%"
"12/08/2022","18,225.0","17,891.0","18,325.0","17,758.0","7.47M","1.67%"
"11/08/2022","17,925.0","18,626.0","18,659.0","17,725.0","13.63M","-1.65%"
"10/08/2022","18,225.0","17,925.0","18,492.0","17,825.0","12.33M","1.11%"
"09/08/2022","18,025.0","18,159.0","18,392.0","17,891.0","14.78M","-1.10%"
"08/08/2022","18,225.0","18,426.0","18,526.0","18,159.0","11.26M","-1.44%"
"05/08/2022","18,492.0","18,225.0","18,826.0","18,159.0","13.05M","0.91%"
"04/08/2022","18,325.0","18,025.0","18,526.0","17,925.0","14.20M","2.43%"
"03/08/2022","17,891.0","17,725.0","18,025.0","17,524.0","9.93M","0.56%"
"02/08/2022","17,791.0","17,958.0","18,325.0","17,558.0","12.63M","-1.48%"
"01/08/2022","18,058.0","17,491.0","18,325.0","17,391.0","14.48M","3.64%"
"29/07/2022","17,424.0","17,558.0","17,858.0","17,157.0","9.69M","0.39%"
"28/07/2022","17,357.0","17,658.0","17,992.0","17,324.0","15.13M","1.17%"
"27/07/2022","17,157.0","16,723.0","17,391.0","16,723.0","8.57M","1.58%"
"26/07/2022","16,890.0","17,124.0","17,324.0","16,857.0","5.77M","-1.75%"
"25/07/2022","17,191.0","16,223.0","17,491.0","16,022.0","14.32M","4.47%"
"22/07/2022","16,456.0","16,690.0","17,024.0","16,456.0","8.89M","-2.57%"
"21/07/2022","16,890.0","17,090.0","17,324.0","16,823.0","8.85M","-2.69%"
"20/07/2022","17,357.0","17,090.0","17,825.0","16,957.0","14.42M","4.00%"
"19/07/2022","16,690.0","16,223.0","17,024.0","16,089.0","12.30M","1.63%"
"18/07/2022","16,423.0","16,289.0","16,790.0","16,089.0","13.03M","1.65%"
"15/07/2022","16,156.0","16,790.0","16,823.0","16,156.0","9.82M","-2.22%"
"14/07/2022","16,523.0","15,355.0","16,523.0","15,355.0","14.82M","6.91%"
"13/07/2022","15,455.0","15,722.0","16,156.0","15,455.0","8.04M","-1.49%"
"12/07/2022","15,688.0","15,288.0","15,889.0","14,887.0","6.24M","3.75%"
"11/07/2022","15,121.0","15,889.0","16,156.0","15,088.0","12.83M","-6.79%"
"08/07/2022","16,223.0","15,855.0","16,356.0","15,588.0","9.59M","3.85%"
"07/07/2022","15,622.0","15,321.0","15,955.0","15,188.0","6.76M","3.09%"
"06/07/2022","15,154.0","15,054.0","16,089.0","14,887.0","11.29M","-1.52%"
"05/07/2022","15,388.0","15,355.0","15,855.0","15,188.0","8.62M","-0.21%"
"04/07/2022","15,421.0","15,121.0","15,421.0","14,854.0","8.96M","6.94%"
"01/07/2022","14,420.0","13,586.0","14,420.0","13,385.0","7.95M","6.93%"
"30/06/2022","13,485.0","14,353.0","14,620.0","13,485.0","7.66M","-6.70%"
"29/06/2022","14,453.0","14,019.0","14,787.0","14,019.0","7.44M","1.88%"
"28/06/2022","14,186.0","14,286.0","14,587.0","14,019.0","6.83M","0.00%"
"27/06/2022","14,186.0","13,452.0","14,186.0","13,352.0","8.19M","6.78%"
"24/06/2022","13,285.0","13,018.0","13,652.0","13,018.0","5.91M","-1.00%"
"23/06/2022","13,419.0","12,584.0","13,419.0","12,417.0","7.84M","6.07%"
"22/06/2022","12,651.0","12,551.0","12,651.0","12,417.0","3.09M","6.76%"
"21/06/2022","11,850.0","11,216.0","11,850.0","11,015.0","8.23M","6.93%"
"20/06/2022","11,082.0","12,083.0","12,250.0","11,082.0","5.71M","-6.74%"
"17/06/2022","11,883.0","11,816.0","12,250.0","11,616.0","5.40M","-3.78%"
"16/06/2022","12,350.0","12,784.0","12,818.0","12,083.0","4.43M","0.27%"
"15/06/2022","12,317.0","13,218.0","13,552.0","12,317.0","8.16M","-6.82%"
"14/06/2022","13,218.0","13,485.0","13,986.0","13,152.0","4.21M","-5.49%"
"13/06/2022","13,986.0","14,220.0","14,554.0","13,986.0","6.79M","-6.89%"
"10/06/2022","15,021.0","15,455.0","15,688.0","15,021.0","4.24M","-4.25%"
"09/06/2022","15,688.0","15,855.0","15,955.0","15,688.0","2.61M","-0.64%"
"08/06/2022","15,789.0","15,355.0","15,889.0","15,255.0","5.07M","3.73%"
"07/06/2022","15,221.0","15,388.0","15,522.0","14,554.0","5.38M","-1.94%"
"06/06/2022","15,522.0","15,588.0","16,022.0","15,455.0","3.11M","-1.27%"
"03/06/2022","15,722.0","15,488.0","15,855.0","15,255.0","4.72M","1.07%"
"02/06/2022","15,555.0","15,989.0","16,323.0","15,555.0","6.82M","-2.30%"
"01/06/2022","15,922.0","15,889.0","16,156.0","15,555.0","4.22M","0.42%"
"31/05/2022","15,855.0","16,022.0","16,223.0","15,755.0","6.10M","-1.86%"
"30/05/2022","16,156.0","16,289.0","16,590.0","16,089.0","4.81M","0.00%"
"27/05/2022","16,156.0","16,323.0","16,623.0","15,989.0","6.09M","-1.02%"
"26/05/2022","16,323.0","16,022.0","16,790.0","15,955.0","8.84M","1.88%"
"25/05/2022","16,022.0","15,355.0","16,122.0","15,355.0","6.15M","5.26%"
"24/05/2022","15,221.0","14,353.0","15,221.0","14,019.0","7.09M","6.05%"
"23/05/2022","14,353.0","15,455.0","15,555.0","14,353.0","6.99M","-6.93%"
"20/05/2022","15,421.0","15,688.0","16,189.0","15,355.0","6.37M","-1.07%"
"19/05/2022","15,588.0","14,887.0","15,755.0","14,687.0","9.04M","1.96%"
"18/05/2022","15,288.0","15,355.0","15,955.0","15,088.0","9.37M","1.33%"
"17/05/2022","15,088.0","14,019.0","15,088.0","13,886.0","6.13M","6.86%"
"16/05/2022","14,120.0","14,120.0","14,120.0","13,786.0","7.13M","6.82%"
"13/05/2022","13,218.0","14,153.0","14,353.0","13,218.0","9.77M","-6.39%"
"12/05/2022","14,120.0","14,854.0","15,088.0","14,120.0","5.34M","-6.82%"
"11/05/2022","15,154.0","15,221.0","15,355.0","14,821.0","2.23M","-0.44%"
"10/05/2022","15,221.0","14,487.0","15,321.0","13,886.0","6.68M","5.07%"
"09/05/2022","14,487.0","15,021.0","15,421.0","14,487.0","7.61M","-6.87%"
"06/05/2022","15,555.0","16,156.0","16,556.0","15,555.0","6.75M","-6.98%"
"05/05/2022","16,723.0","17,424.0","17,591.0","16,389.0","3.04M","-2.53%"
"04/05/2022","17,157.0","17,825.0","17,925.0","17,157.0","2.93M","-3.20%"
"29/04/2022","17,725.0","17,558.0","18,159.0","17,458.0","3.50M","-0.19%"
"28/04/2022","17,758.0","18,025.0","18,325.0","17,758.0","3.31M","-1.30%"
"27/04/2022","17,992.0","17,691.0","18,192.0","17,624.0","2.26M","0.19%"
"26/04/2022","17,958.0","16,556.0","17,958.0","16,056.0","4.98M","5.08%"
"25/04/2022","17,090.0","18,359.0","18,626.0","17,090.0","4.19M","-6.91%"
"22/04/2022","18,359.0","18,826.0","19,193.0","17,725.0","3.46M","-2.13%"
"21/04/2022","18,759.0","17,992.0","19,227.0","17,491.0","7.43M","3.30%"
"20/04/2022","18,159.0","17,758.0","18,626.0","17,758.0","6.97M","2.26%"
"19/04/2022","17,758.0","19,727.0","19,727.0","17,758.0","6.72M","-6.99%"
"18/04/2022","19,093.0","20,362.0","20,362.0","19,093.0","9.49M","-6.23%"
"15/04/2022","20,362.0","21,363.0","21,563.0","20,362.0","4.52M","-4.69%"
"14/04/2022","21,363.0","21,964.0","21,964.0","21,363.0","3.18M","-1.54%"
"13/04/2022","21,697.0","21,563.0","21,930.0","21,029.0","6.93M","0.62%"
"12/04/2022","21,563.0","23,332.0","23,332.0","21,563.0","7.55M","-6.38%"
"08/04/2022","23,032.0","23,299.0","23,499.0","22,965.0","3.97M","-0.86%"
"07/04/2022","23,232.0","23,633.0","23,666.0","23,199.0","5.35M","-1.28%"
"06/04/2022","23,533.0","23,399.0","23,833.0","23,366.0","7.65M","-0.14%"
"05/04/2022","23,566.0","24,033.0","24,401.0","23,566.0","5.41M","-1.94%"
"04/04/2022","24,033.0","23,499.0","24,367.0","23,399.0","6.91M","4.50%"
"01/04/2022","22,999.0","22,765.0","23,032.0","22,665.0","3.42M","1.03%"
"31/03/2022","22,765.0","23,032.0","23,199.0","22,765.0","2.61M","-0.58%"
"30/03/2022","22,898.0","22,898.0","23,433.0","22,765.0","4.16M","-0.58%"
"29/03/2022","23,032.0","22,932.0","23,165.0","22,898.0","3.59M","1.47%"
"28/03/2022","22,698.0","23,232.0","23,466.0","22,631.0","7.46M","-3.41%"
"25/03/2022","23,499.0","23,766.0","23,900.0","23,499.0","3.47M","-1.12%"
"24/03/2022","23,766.0","24,133.0","24,133.0","23,766.0","4.64M","-1.52%"
"23/03/2022","24,133.0","24,000.0","24,267.0","24,000.0","4.21M","0.69%"
"22/03/2022","23,967.0","23,933.0","24,133.0","23,800.0","3.36M","-31.02%"
"21/03/2022","34,747.0","34,649.0","34,845.0","34,502.0","2.55M","0.57%"
"18/03/2022","34,551.0","34,845.0","34,845.0","34,551.0","2.45M","-0.28%"
"17/03/2022","34,649.0","34,600.0","34,894.0","34,551.0","1.86M","1.14%"
"16/03/2022","34,258.0","34,356.0","34,600.0","34,209.0","1.97M","0.58%"
"15/03/2022","34,062.0","34,062.0","34,600.0","34,013.0","3.17M","0.00%"
"14/03/2022","34,062.0","35,432.0","35,432.0","34,062.0","6.30M","-3.87%"
"11/03/2022","35,432.0","36,313.0","36,705.0","35,383.0","5.51M","-2.95%"
"10/03/2022","36,509.0","37,096.0","37,145.0","36,460.0","2.78M","0.54%"
"09/03/2022","36,313.0","36,998.0","37,292.0","36,068.0","5.37M","-1.59%"
"08/03/2022","36,900.0","36,607.0","37,879.0","36,607.0","5.86M","-0.53%"
"07/03/2022","37,096.0","36,803.0","37,292.0","36,656.0","4.33M","-0.39%"
"04/03/2022","37,243.0","37,145.0","38,026.0","37,096.0","6.99M","1.33%"
"03/03/2022","36,754.0","36,803.0","36,998.0","36,264.0","3.84M","1.21%"
"02/03/2022","36,313.0","37,194.0","37,341.0","36,313.0","5.23M","-2.11%"
"01/03/2022","37,096.0","36,949.0","37,341.0","36,852.0","3.46M","0.66%"
"28/02/2022","36,852.0","37,194.0","37,586.0","36,705.0","3.69M","-0.39%"
"25/02/2022","36,998.0","36,998.0","37,586.0","36,509.0","5.55M","1.75%"
"24/02/2022","36,362.0","37,194.0","37,879.0","35,726.0","6.91M","-2.49%"
"23/02/2022","37,292.0","37,292.0","37,683.0","37,194.0","3.43M","0.53%"
"22/02/2022","37,096.0","37,194.0","37,586.0","36,264.0","4.22M","-1.56%"
"21/02/2022","37,683.0","37,145.0","38,173.0","37,096.0","5.03M","1.85%"
"18/02/2022","36,998.0","36,068.0","36,998.0","35,922.0","4.61M","1.89%"
"17/02/2022","36,313.0","36,705.0","36,705.0","36,264.0","2.02M","-0.54%"
"16/02/2022","36,509.0","36,313.0","36,852.0","36,068.0","2.46M","1.22%"
"15/02/2022","36,068.0","36,166.0","36,607.0","35,579.0","2.85M","-0.27%"
"14/02/2022","36,166.0","36,607.0","36,998.0","36,166.0","5.81M","-4.03%"
"11/02/2022","37,683.0","37,194.0","38,075.0","37,194.0","1.45M","0.52%"
"10/02/2022","37,488.0","38,075.0","38,075.0","37,341.0","1.11M","-0.65%"
"09/02/2022","37,732.0","37,879.0","38,369.0","37,683.0","1.75M","-0.39%"
"08/02/2022","37,879.0","37,390.0","38,124.0","37,194.0","1.57M","0.52%"
"07/02/2022","37,683.0","37,194.0","38,369.0","36,803.0","2.29M","3.63%"
"28/01/2022","36,362.0","35,628.0","36,998.0","35,383.0","1.63M","3.20%"
"27/01/2022","35,236.0","34,356.0","35,775.0","34,356.0","1.97M","2.85%"
"26/01/2022","34,258.0","35,726.0","35,726.0","34,258.0","1.85M","-3.05%"
"25/01/2022","35,334.0","34,698.0","35,628.0","34,551.0","1.74M","1.83%"
"24/01/2022","34,698.0","36,656.0","36,998.0","34,698.0","4.06M","-6.96%"
"21/01/2022","37,292.0","38,173.0","38,369.0","37,096.0","2.46M","-2.81%"
"20/01/2022","38,369.0","38,369.0","38,662.0","37,390.0","1.81M","0.51%"
"19/01/2022","38,173.0","36,998.0","38,173.0","36,705.0","2.43M","5.69%"
"18/01/2022","36,117.0","36,509.0","37,586.0","35,824.0","3.06M","-4.90%"
"17/01/2022","37,977.0","40,913.0","41,060.0","37,977.0","7.91M","-6.96%"
"14/01/2022","40,816.0","40,620.0","41,599.0","40,326.0","2.04M","-0.24%"
"13/01/2022","40,913.0","42,088.0","42,333.0","40,865.0","2.47M","-1.99%"
"12/01/2022","41,745.0","40,816.0","42,284.0","40,228.0","3.85M","2.28%"
"11/01/2022","40,816.0","42,577.0","42,969.0","40,375.0","5.29M","-4.03%"
"10/01/2022","42,528.0","43,899.0","44,046.0","42,480.0","4.96M","-3.12%"
"07/01/2022","43,899.0","44,046.0","44,927.0","43,850.0","3.08M","-0.33%"
"06/01/2022","44,046.0","44,633.0","44,927.0","44,046.0","3.27M","-1.75%"
"05/01/2022","44,829.0","45,024.0","45,807.0","44,780.0","4.36M","-0.11%"
"04/01/2022","44,878.0","44,731.0","45,563.0","44,535.0","3.66M","0.77%"
"31/12/2021","44,535.0","45,465.0","45,612.0","44,486.0","2.74M","-0.98%"
"30/12/2021","44,975.0","43,458.0","45,024.0","43,360.0","3.40M","4.43%"
"29/12/2021","43,067.0","42,528.0","43,654.0","42,333.0","2.74M","1.50%"
"28/12/2021","42,431.0","43,165.0","43,360.0","42,431.0","3.18M","-1.25%"
"27/12/2021","42,969.0","43,850.0","43,948.0","42,969.0","1.93M","-0.23%"
"24/12/2021","43,067.0","42,724.0","43,556.0","42,480.0","2.72M","1.38%"
"23/12/2021","42,480.0","43,654.0","43,752.0","41,305.0","5.54M","-3.56%"
"22/12/2021","44,046.0","45,514.0","45,514.0","44,046.0","4.99M","-1.75%"
"21/12/2021","44,829.0","45,807.0","46,395.0","44,829.0","3.64M","-2.55%"
"20/12/2021","46,003.0","45,220.0","46,786.0","44,829.0","6.54M","1.84%"
"17/12/2021","45,171.0","43,067.0","45,318.0","42,822.0","5.96M","6.09%"
"16/12/2021","42,577.0","43,458.0","43,556.0","42,480.0","3.52M","-1.59%"
"15/12/2021","43,263.0","43,948.0","44,437.0","43,263.0","2.73M","-2.00%"
"14/12/2021","44,144.0","44,046.0","44,878.0","43,654.0","4.29M","0.90%"
"13/12/2021","43,752.0","43,067.0","43,752.0","42,724.0","3.46M","2.06%"
"10/12/2021","42,871.0","43,752.0","43,801.0","42,822.0","3.68M","-1.57%"
"09/12/2021","43,556.0","42,675.0","43,556.0","42,480.0","3.15M","1.14%"
"08/12/2021","43,067.0","43,850.0","43,850.0","42,577.0","2.80M","0.11%"
"07/12/2021","43,018.0","42,480.0","43,214.0","41,256.0","4.26M","4.15%"
"06/12/2021","41,305.0","43,067.0","43,850.0","40,179.0","5.99M","-4.09%"
"03/12/2021","43,067.0","46,164.0","46,357.0","43,067.0","10.04M","-6.71%"
"02/12/2021","46,164.0","46,696.0","47,035.0","46,164.0","4.52M","-1.14%"
"01/12/2021","46,696.0","47,228.0","47,519.0","45,970.0","6.35M","-1.53%"
"30/11/2021","47,422.0","48,390.0","49,067.0","47,228.0","6.86M","-0.41%"
"29/11/2021","47,615.0","46,454.0","48,003.0","46,454.0","8.83M","1.02%"
"26/11/2021","47,132.0","46,067.0","48,680.0","46,067.0","10.69M","2.10%"
"25/11/2021","46,164.0","46,067.0","47,180.0","45,341.0","6.96M","0.85%"
"24/11/2021","45,777.0","45,970.0","46,793.0","45,390.0","6.46M","1.72%"
"23/11/2021","45,002.0","43,551.0","45,002.0","42,776.0","6.41M","3.33%"
"22/11/2021","43,551.0","44,664.0","45,486.0","43,551.0","6.10M","-3.43%"
"19/11/2021","45,099.0","46,938.0","46,938.0","43,357.0","6.53M","-3.12%"
"18/11/2021","46,551.0","44,712.0","46,890.0","44,422.0","8.31M","6.18%"
"17/11/2021","43,841.0","43,551.0","45,002.0","43,551.0","5.29M","0.67%"
"16/11/2021","43,551.0","43,551.0","44,567.0","43,260.0","4.91M","-1.31%"
"15/11/2021","44,131.0","43,841.0","44,760.0","43,696.0","5.57M","3.05%"
"12/11/2021","42,825.0","42,099.0","42,873.0","41,809.0","4.01M","0.91%"
"11/11/2021","42,438.0","42,776.0","43,309.0","41,131.0","6.08M","-0.34%"
"10/11/2021","42,583.0","42,389.0","43,260.0","42,051.0","4.64M","1.27%"
"09/11/2021","42,051.0","42,776.0","42,825.0","41,615.0","4.48M","-1.25%"
"08/11/2021","42,583.0","41,034.0","42,970.0","40,938.0","7.39M","4.51%"
"05/11/2021","40,744.0","41,034.0","41,034.0","40,502.0","4.66M","0.60%"
"04/11/2021","40,502.0","38,615.0","40,938.0","38,567.0","7.66M","5.28%"
"03/11/2021","38,470.0","39,292.0","39,583.0","38,228.0","4.94M","-1.36%"
"02/11/2021","39,002.0","38,228.0","39,099.0","38,228.0","4.35M","2.02%"
"01/11/2021","38,228.0","37,260.0","38,421.0","37,067.0","5.86M","3.40%"
"29/10/2021","36,970.0","37,744.0","37,744.0","36,776.0","3.25M","-1.29%"
"28/10/2021","37,454.0","37,067.0","37,841.0","37,067.0","3.47M","1.44%"
"27/10/2021","36,921.0","35,760.0","36,970.0","35,760.0","2.85M","3.39%"
"26/10/2021","35,712.0","35,324.0","36,292.0","34,502.0","2.07M","1.10%"
"25/10/2021","35,324.0","36,292.0","36,341.0","35,324.0","3.49M","-2.67%"
"22/10/2021","36,292.0","36,921.0","36,921.0","36,292.0","3.24M","-1.45%"
"21/10/2021","36,825.0","37,550.0","37,696.0","36,728.0","2.78M","-1.55%"
"20/10/2021","37,405.0","37,744.0","37,792.0","36,970.0","2.49M","-0.77%"
"19/10/2021","37,696.0","37,647.0","38,131.0","37,308.0","3.02M","0.78%"
"18/10/2021","37,405.0","37,163.0","37,792.0","36,825.0","3.85M","1.58%"
"15/10/2021","36,825.0","37,163.0","37,260.0","36,776.0","2.05M","-0.26%"
"14/10/2021","36,921.0","36,776.0","37,260.0","36,728.0","2.92M","0.66%"
"13/10/2021","36,679.0","37,260.0","37,550.0","36,679.0","3.26M","-1.56%"
"12/10/2021","37,260.0","38,034.0","38,083.0","37,260.0","2.91M","-1.28%"
"11/10/2021","37,744.0","36,776.0","37,889.0","36,776.0","4.70M","5.03%"
"08/10/2021","35,937.0","36,233.0","36,749.0","35,827.0","13.22M","-0.61%"
"07/10/2021","36,159.0","36,528.0","36,897.0","36,159.0","7.03M","-1.01%"
"06/10/2021","36,528.0","37,266.0","37,339.0","36,528.0","4.46M","-1.39%"
"05/10/2021","37,044.0","36,085.0","37,487.0","36,011.0","5.21M","3.93%"
"04/10/2021","35,642.0","37,044.0","37,192.0","35,642.0","7.47M","-4.36%"
"01/10/2021","37,266.0","38,151.0","38,815.0","37,266.0","6.94M","-2.88%"
"30/09/2021","38,373.0","38,889.0","39,258.0","38,373.0","3.57M","-1.14%"
"29/09/2021","38,815.0","39,775.0","39,848.0","38,742.0","3.83M","-2.23%"
"28/09/2021","39,701.0","38,077.0","39,701.0","37,635.0","5.03M","4.06%"
"27/09/2021","38,151.0","40,365.0","40,513.0","38,004.0","5.27M","-5.14%"
"24/09/2021","40,217.0","40,660.0","41,177.0","40,217.0","5.94M","-1.09%"
"23/09/2021","40,660.0","40,217.0","41,103.0","39,479.0","11.90M","3.77%"
"22/09/2021","39,184.0","39,406.0","39,553.0","38,889.0","3.50M","0.38%"
"21/09/2021","39,037.0","39,332.0","39,848.0","38,668.0","4.84M","-2.22%"
"20/09/2021","39,922.0","40,144.0","40,513.0","39,332.0","6.91M","0.74%"
"17/09/2021","39,627.0","38,963.0","39,922.0","38,668.0","5.52M","2.87%"
"16/09/2021","38,520.0","39,111.0","39,332.0","38,520.0","3.26M","-1.69%"
"15/09/2021","39,184.0","37,856.0","39,479.0","37,782.0","3.82M","3.10%"
"14/09/2021","38,004.0","39,258.0","39,627.0","38,004.0","7.13M","-3.38%"
"13/09/2021","39,332.0","40,586.0","40,660.0","38,963.0","11.74M","-3.44%"
"10/09/2021","40,734.0","41,103.0","41,546.0","40,586.0","3.58M","-0.54%"
"09/09/2021","40,955.0","40,586.0","41,177.0","40,513.0","4.68M","0.54%"
"08/09/2021","40,734.0","41,988.0","42,284.0","40,217.0","7.73M","-1.95%"
"07/09/2021","41,546.0","41,324.0","42,357.0","41,251.0","8.17M","1.26%"
"06/09/2021","41,029.0","41,029.0","41,177.0","40,291.0","6.22M","1.27%"
"01/09/2021","40,513.0","40,144.0","40,955.0","39,775.0","7.17M","0.55%"
"31/08/2021","40,291.0","40,955.0","41,177.0","40,291.0","6.82M","-1.62%"
"30/08/2021","40,955.0","39,775.0","40,955.0","39,111.0","6.79M","3.74%"
"27/08/2021","39,479.0","38,151.0","39,479.0","37,561.0","8.62M","2.29%"
"26/08/2021","38,594.0","39,996.0","40,217.0","38,225.0","8.02M","-3.51%"
"25/08/2021","39,996.0","39,258.0","40,070.0","38,594.0","6.15M","1.88%"
"24/08/2021","39,258.0","42,210.0","42,431.0","39,258.0","13.89M","-6.83%"
"23/08/2021","42,136.0","42,062.0","42,948.0","41,472.0","9.80M","0.18%"
"20/08/2021","42,062.0","41,546.0","42,800.0","40,660.0","17.57M","1.06%"
"19/08/2021","41,619.0","41,251.0","41,915.0","40,586.0","5.54M","0.89%"
"18/08/2021","41,251.0","40,365.0","41,988.0","40,070.0","8.92M","1.64%"
"17/08/2021","40,586.0","40,882.0","41,177.0","40,217.0","7.22M","-1.26%"
"16/08/2021","41,103.0","39,922.0","41,398.0","39,848.0","9.84M","5.29%"
"13/08/2021","39,037.0","37,635.0","39,037.0","37,561.0","12.58M","4.13%"
"12/08/2021","37,487.0","37,413.0","38,373.0","37,192.0","7.45M","-0.39%"
"11/08/2021","37,635.0","38,151.0","39,037.0","37,635.0","7.72M","-1.35%"
"10/08/2021","38,151.0","38,742.0","38,742.0","37,782.0","7.21M","-0.19%"
"09/08/2021","38,225.0","36,159.0","38,446.0","36,085.0","11.98M","5.07%"
"06/08/2021","36,380.0","37,192.0","37,339.0","36,380.0","8.72M","-2.38%"
"05/08/2021","37,266.0","36,528.0","37,339.0","36,233.0","7.88M","1.41%"
"04/08/2021","36,749.0","36,897.0","37,339.0","36,417.0","9.18M","0.61%"
"03/08/2021","36,528.0","35,495.0","36,528.0","35,052.0","9.58M","2.91%"
"02/08/2021","35,495.0","35,273.0","35,937.0","34,867.0","8.33M","0.52%"
"30/07/2021","35,310.0","34,830.0","35,790.0","34,683.0","10.16M","1.92%"
"29/07/2021","34,646.0","34,314.0","34,646.0","34,093.0","4.27M","2.29%"
"28/07/2021","33,871.0","33,724.0","34,314.0","33,576.0","2.90M","-0.11%"
"27/07/2021","33,908.0","33,355.0","34,535.0","32,949.0","8.75M","2.80%"
"26/07/2021","32,986.0","33,244.0","33,650.0","32,469.0","5.46M","-1.22%"
"23/07/2021","33,392.0","34,240.0","34,462.0","33,392.0","5.41M","-3.00%"
"22/07/2021","34,425.0","33,945.0","34,904.0","33,760.0","4.61M","1.19%"
"21/07/2021","34,019.0","35,052.0","35,458.0","33,945.0","5.41M","-2.95%"
"20/07/2021","35,052.0","33,059.0","35,126.0","32,395.0","7.59M","6.74%"
"19/07/2021","32,838.0","33,945.0","34,535.0","32,838.0","9.22M","-6.90%"
"16/07/2021","35,273.0","35,568.0","35,937.0","35,199.0","5.74M","-0.83%"
"15/07/2021","35,568.0","33,576.0","35,568.0","33,576.0","5.78M","4.55%"
"14/07/2021","34,019.0","35,052.0","35,605.0","33,207.0","5.73M","-2.95%"
"13/07/2021","35,052.0","33,871.0","35,052.0","33,133.0","7.08M","6.14%"
"12/07/2021","33,023.0","34,314.0","34,978.0","33,023.0","11.69M","-6.96%"
"09/07/2021","35,495.0","36,528.0","37,708.0","35,273.0","9.58M","-4.94%"
"08/07/2021","37,339.0","37,635.0","38,742.0","36,971.0","6.56M","-0.79%"
"07/07/2021","37,635.0","36,749.0","37,782.0","34,683.0","12.10M","3.24%"
"06/07/2021","36,454.0","39,111.0","40,439.0","36,454.0","10.19M","-6.97%"
"05/07/2021","39,184.0","39,627.0","40,217.0","38,299.0","9.02M","-2.57%"
"02/07/2021","40,217.0","40,217.0","41,693.0","39,479.0","8.25M","0.93%"
"01/07/2021","39,848.0","38,594.0","39,996.0","38,151.0","8.08M","5.68%"
"30/06/2021","37,708.0","36,971.0","38,004.0","36,971.0","7.40M","1.39%"
"29/06/2021","37,192.0","36,159.0","37,635.0","35,974.0","6.71M","2.86%"
"28/06/2021","36,159.0","36,823.0","36,823.0","35,790.0","6.59M","1.35%"
"25/06/2021","35,679.0","33,576.0","35,679.0","33,281.0","12.51M","6.97%"
"24/06/2021","33,355.0","34,314.0","34,314.0","32,986.0","6.09M","-1.95%"
"23/06/2021","34,019.0","32,949.0","34,646.0","32,949.0","8.09M","3.60%"
"22/06/2021","32,838.0","32,469.0","33,133.0","32,174.0","6.94M","1.60%"
"21/06/2021","32,322.0","32,469.0","33,502.0","32,100.0","5.75M","-1.79%"
"18/06/2021","32,912.0","33,207.0","33,428.0","32,543.0","5.66M","0.34%"
"17/06/2021","32,801.0","31,805.0","33,059.0","31,805.0","8.87M","-0.11%"
"16/06/2021","32,838.0","32,469.0","33,576.0","31,805.0","9.59M","-0.89%"
"15/06/2021","33,133.0","31,657.0","33,281.0","31,436.0","14.03M","6.52%"
"14/06/2021","31,104.0","29,148.0","31,104.0","28,853.0","15.98M","6.98%"
"11/06/2021","29,075.0","28,152.0","29,517.0","27,673.0","7.21M","3.28%"
"10/06/2021","28,152.0","28,115.0","28,743.0","27,525.0","7.05M","-0.13%"
"09/06/2021","28,189.0","27,673.0","29,148.0","26,787.0","10.30M","2.83%"
"08/06/2021","27,414.0","28,853.0","29,591.0","27,414.0","8.80M","-6.89%"
"07/06/2021","29,444.0","30,403.0","30,846.0","28,706.0","9.83M","-4.55%"
"04/06/2021","30,846.0","30,993.0","31,436.0","30,477.0","7.49M","-0.47%"
"03/06/2021","30,993.0","30,255.0","31,362.0","29,517.0","9.93M","5.53%"
"02/06/2021","29,370.0","28,115.0","29,370.0","27,894.0","8.84M","3.65%"
"01/06/2021","28,337.0","29,148.0","29,333.0","28,041.0","5.82M","-2.16%"
"31/05/2021","28,964.0","28,263.0","29,112.0","27,820.0","10.75M","4.81%"
"28/05/2021","27,636.0","26,898.0","27,636.0","26,603.0","7.07M","3.17%"
"27/05/2021","26,787.0","27,340.0","27,636.0","26,492.0","5.96M","-2.02%"
"26/05/2021","27,340.0","27,636.0","27,857.0","27,304.0","6.12M","-1.07%"
"25/05/2021","27,636.0","27,304.0","27,820.0","27,156.0","6.78M","0.67%"
"24/05/2021","27,451.0","26,787.0","27,599.0","26,566.0","8.00M","2.76%"
"21/05/2021","26,713.0","27,156.0","27,636.0","26,713.0","7.52M","-2.16%"
"20/05/2021","27,304.0","26,197.0","27,673.0","26,123.0","12.53M","4.37%"
"19/05/2021","26,160.0","25,459.0","26,197.0","25,385.0","6.13M","2.75%"
"18/05/2021","25,459.0","25,459.0","25,901.0","25,200.0","8.12M","-0.29%"
"17/05/2021","25,533.0","26,418.0","26,418.0","25,459.0","7.53M","-2.26%"
"14/05/2021","26,123.0","26,197.0","26,344.0","25,791.0","6.96M","1.00%"
"13/05/2021","25,865.0","24,721.0","26,418.0","24,721.0","16.62M","3.70%"
"12/05/2021","24,942.0","23,835.0","24,942.0","23,835.0","6.39M","3.68%"
"11/05/2021","24,057.0","24,721.0","25,200.0","24,057.0","6.20M","-1.80%"
"10/05/2021","24,499.0","22,837.0","24,499.0","22,620.0","11.96M","6.77%"
"07/05/2021","22,946.0","22,693.0","23,343.0","22,404.0","6.43M","-0.16%"
"06/05/2021","22,982.0","22,946.0","23,379.0","22,909.0","4.91M","-0.31%"
"05/05/2021","23,054.0","22,765.0","23,415.0","22,657.0","4.42M","1.92%"
"04/05/2021","22,620.0","21,681.0","22,620.0","21,681.0","3.89M","1.95%"
"29/04/2021","22,187.0","22,115.0","22,693.0","22,115.0","2.53M","0.99%"
"28/04/2021","21,970.0","21,681.0","22,187.0","21,681.0","2.63M","1.33%"
"27/04/2021","21,681.0","21,753.0","22,042.0","21,609.0","3.02M","-0.33%"
"26/04/2021","21,753.0","22,909.0","22,909.0","21,753.0","3.99M","-4.45%"
"23/04/2021","22,765.0","21,753.0","22,765.0","21,392.0","7.01M","5.00%"
"22/04/2021","21,681.0","23,054.0","23,126.0","21,681.0","6.67M","-6.25%"
"20/04/2021","23,126.0","23,849.0","24,066.0","22,982.0","5.01M","-2.59%"
"19/04/2021","23,741.0","23,777.0","23,777.0","22,909.0","4.62M","2.66%"
"16/04/2021","23,126.0","23,560.0","23,921.0","22,765.0","7.32M","-3.03%"
"15/04/2021","23,849.0","24,499.0","24,536.0","23,849.0","5.29M","-2.65%"
"14/04/2021","24,499.0","23,849.0","24,536.0","23,704.0","6.40M","2.10%"
"13/04/2021","23,994.0","25,294.0","25,294.0","23,994.0","7.73M","-4.04%"
"12/04/2021","25,005.0","24,680.0","25,078.0","24,246.0","6.92M","0.49%"
"09/04/2021","24,882.6","24,439.6","25,288.7","24,365.7","6.24M","1.97%"
"08/04/2021","24,402.7","24,698.0","24,734.9","24,291.9","4.43M","-0.45%"
"07/04/2021","24,513.4","24,365.7","24,587.3","24,218.1","3.79M","0.61%"
"06/04/2021","24,365.7","24,365.7","24,808.8","24,218.1","5.27M","-0.90%"
"05/04/2021","24,587.3","24,734.9","24,734.9","24,218.1","7.00M","1.84%"
"02/04/2021","24,144.2","24,661.1","24,734.9","24,070.4","5.67M","0.00%"
"01/04/2021","24,144.2","23,036.7","24,291.9","22,815.2","7.43M","5.83%"
"31/03/2021","22,815.2","23,036.7","23,221.3","22,741.4","2.85M","-0.64%"
"30/03/2021","22,962.9","22,593.7","22,962.9","22,482.9","3.15M","2.13%"
"29/03/2021","22,482.9","22,335.3","22,556.8","22,113.8","2.81M","2.87%"
"26/03/2021","21,855.3","22,076.8","22,519.9","21,523.1","4.59M","-1.33%"
"25/03/2021","22,150.7","22,519.9","22,593.7","22,003.0","4.59M","0.00%"
"24/03/2021","22,150.7","22,889.0","23,147.5","22,150.7","5.76M","-4.61%"
"23/03/2021","23,221.3","23,738.1","23,738.1","23,147.5","4.81M","-1.87%"
"22/03/2021","23,664.3","24,070.4","24,218.1","23,664.3","3.19M","-1.99%"
"19/03/2021","24,144.2","23,885.8","24,291.9","23,701.2","5.59M","1.40%"
"18/03/2021","23,812.0","23,775.1","23,996.6","23,553.6","3.85M","1.42%"
"17/03/2021","23,479.7","23,147.5","23,553.6","23,147.5","3.47M","1.11%"
"16/03/2021","23,221.3","23,664.3","23,738.1","23,110.5","5.10M","-1.87%"
"15/03/2021","23,664.3","23,996.6","24,070.4","23,627.4","3.89M","-1.38%"
"12/03/2021","23,996.6","24,070.4","24,218.1","23,775.1","4.15M","-0.31%"
"11/03/2021","24,070.4","23,996.6","24,513.4","23,922.7","8.91M","1.72%"
"10/03/2021","23,664.3","23,036.7","23,738.1","22,815.2","8.21M","2.72%"
"09/03/2021","23,036.7","23,073.6","23,332.0","22,704.4","4.20M","-1.27%"
"08/03/2021","23,332.0","23,405.9","23,922.7","23,036.7","7.62M","1.94%"
"05/03/2021","22,889.0","22,150.7","22,889.0","21,818.4","5.90M","2.31%"
"04/03/2021","22,372.2","23,184.4","23,442.8","22,298.3","7.66M","-2.73%"
"03/03/2021","22,999.8","22,962.9","23,073.6","22,778.3","5.92M","0.48%"
"02/03/2021","22,889.0","23,184.4","23,221.3","22,741.4","7.18M","0.16%"
"01/03/2021","22,852.1","22,076.8","22,852.1","21,707.7","8.41M","6.17%"
"26/02/2021","21,523.1","21,301.6","21,633.8","21,227.7","4.84M","-0.51%"
"25/02/2021","21,633.8","21,929.2","21,966.1","21,412.3","3.94M","0.34%"
"24/02/2021","21,560.0","22,150.7","22,446.0","21,412.3","6.47M","-1.35%"
"23/02/2021","21,855.3","21,560.0","22,113.8","21,412.3","5.57M","1.02%"
"22/02/2021","21,633.8","21,596.9","21,966.1","21,412.3","6.26M","0.86%"
"19/02/2021","21,449.2","21,264.6","21,855.3","21,117.0","5.49M","-0.51%"
"18/02/2021","21,560.0","21,633.8","22,003.0","21,412.3","5.88M","-0.68%"
"17/02/2021","21,707.7","21,338.5","21,781.5","20,969.3","5.42M","4.26%"
"09/02/2021","20,821.6","20,267.9","20,858.6","19,861.8","6.38M","2.73%"
"08/02/2021","20,267.9","20,895.5","21,560.0","19,566.4","8.27M","-1.96%"
"05/02/2021","20,674.0","20,304.8","20,895.5","20,157.1","4.95M","2.56%"
"04/02/2021","20,157.1","20,157.1","20,637.0","19,787.9","6.33M","0.00%"
"03/02/2021","20,157.1","19,418.8","20,194.0","19,086.5","8.31M","6.64%"
"02/02/2021","18,901.9","18,495.8","19,086.5","17,831.3","5.15M","2.20%"
"01/02/2021","18,495.8","19,640.3","20,120.2","18,495.8","5.44M","-6.88%"
"29/01/2021","19,861.8","17,868.2","20,378.6","17,868.2","7.49M","4.06%"
"28/01/2021","19,086.5","19,086.5","20,083.3","19,086.5","6.99M","-6.85%"
"27/01/2021","20,489.4","21,781.5","22,003.0","20,489.4","7.41M","-6.88%"
"26/01/2021","22,003.0","23,147.5","23,184.4","21,781.5","5.98M","-5.10%"
"25/01/2021","23,184.4","22,335.3","23,442.8","21,227.7","8.97M","1.95%"
"22/01/2021","22,741.4","22,962.9","23,332.0","22,593.7","5.83M","-2.22%"
"21/01/2021","23,258.2","22,889.0","23,405.9","22,298.3","8.99M","1.61%"
"20/01/2021","22,889.0","23,110.5","23,332.0","21,301.6","9.13M","0.00%"
"19/01/2021","22,889.0","24,439.6","24,476.5","22,889.0","10.11M","-6.91%"
"18/01/2021","24,587.3","25,288.7","25,288.7","24,550.3","9.25M","-2.49%"
"15/01/2021","25,214.9","25,141.0","25,473.3","24,919.5","9.68M","1.49%"
"14/01/2021","24,845.7","23,516.6","25,141.0","23,258.2","14.54M","5.65%"
"13/01/2021","23,516.6","23,848.9","23,848.9","23,442.8","5.85M","-1.39%"
"12/01/2021","23,848.9","23,332.0","23,996.6","23,036.7","9.00M","1.25%"
"11/01/2021","23,553.6","24,144.2","24,255.0","23,405.9","8.57M","-2.15%"
"08/01/2021","24,070.4","24,144.2","24,513.4","23,627.4","7.59M","0.93%"
"07/01/2021","23,848.9","23,701.2","23,848.9","23,258.2","5.28M","2.22%"
"06/01/2021","23,332.0","23,627.4","24,107.3","23,258.2","6.48M","0.00%"
"05/01/2021","23,332.0","23,332.0","23,701.2","23,258.2","5.66M","-1.25%"
"04/01/2021","23,627.4","24,291.9","24,291.9","23,479.7","5.53M","1.91%"
"31/12/2020","23,184.4","22,704.4","23,516.6","22,519.9","5.07M","2.11%"