Ngày,Lần cuối,Mở,Cao,Thấp,KL,% Thay đổi
31/12/2024,"29,400.00","29,450.00","29,700.00","29,400.00",4.04M,-0.68%
30/12/2024,"29,600.00","29,700.00","30,200.00","29,550.00",8.70M,0.51%
27/12/2024,"29,450.00","29,400.00","29,650.00","29,250.00",7.83M,0.51%
26/12/2024,"29,300.00","29,600.00","29,650.00","29,250.00",3.74M,-0.68%
25/12/2024,"29,500.00","28,950.00","30,250.00","28,950.00",10.11M,2.08%
24/12/2024,"28,900.00","29,150.00","29,250.00","28,650.00",9.32M,-1.03%
23/12/2024,"29,200.00","29,500.00","29,600.00","29,200.00",5.10M,-0.34%
20/12/2024,"29,300.00","29,500.00","29,550.00","29,300.00",3.56M,-0.68%
19/12/2024,"29,500.00","29,400.00","29,550.00","29,000.00",10.26M,-0.84%
18/12/2024,"29,750.00","29,500.00","29,750.00","29,300.00",5.23M,0.85%
17/12/2024,"29,500.00","29,750.00","29,900.00","29,350.00",6.12M,-0.34%
16/12/2024,"29,600.00","29,400.00","29,700.00","29,350.00",5.48M,0.68%
13/12/2024,"29,400.00","29,250.00","29,550.00","29,150.00",5.27M,0.34%
12/12/2024,"29,300.00","29,450.00","30,000.00","29,300.00",8.19M,-0.34%
11/12/2024,"29,400.00","29,550.00","29,850.00","29,200.00",5.47M,-0.51%
10/12/2024,"29,550.00","29,500.00","29,800.00","29,300.00",6.64M,-0.17%
9/12/2024,"29,600.00","29,300.00","29,750.00","29,150.00",7.99M,1.20%
6/12/2024,"29,250.00","29,350.00","29,800.00","29,150.00",15.58M,1.04%
5/12/2024,"28,950.00","27,200.00","28,950.00","27,000.00",14.90M,6.83%
4/12/2024,"27,100.00","27,550.00","27,550.00","27,000.00",7.92M,-1.63%
3/12/2024,"27,550.00","28,000.00","28,000.00","27,500.00",8.78M,-1.78%
2/12/2024,"28,050.00","28,400.00","28,500.00","27,900.00",3.08M,-0.36%
29/11/2024,"28,150.00","28,100.00","28,400.00","27,900.00",4.15M,0.00%
28/11/2024,"28,150.00","28,300.00","28,500.00","27,900.00",5.48M,0.00%
27/11/2024,"28,150.00","28,350.00","28,450.00","28,000.00",3.88M,-0.53%
26/11/2024,"28,300.00","27,950.00","28,750.00","27,900.00",9.11M,1.62%
25/11/2024,"27,850.00","27,700.00","27,950.00","27,600.00",3.33M,0.54%
22/11/2024,"27,700.00","28,050.00","28,200.00","27,650.00",4.72M,-1.25%
21/11/2024,"28,050.00","27,750.00","28,200.00","27,500.00",7.16M,1.26%
20/11/2024,"27,700.00","26,900.00","28,150.00","26,700.00",11.99M,2.59%
19/11/2024,"27,000.00","27,400.00","27,500.00","26,750.00",3.79M,-1.28%
18/11/2024,"27,350.00","26,400.00","27,800.00","26,350.00",8.60M,3.60%
15/11/2024,"26,400.00","27,000.00","27,050.00","26,100.00",12.07M,-2.58%
14/11/2024,"27,100.00","28,150.00","28,250.00","26,800.00",9.90M,-3.21%
13/11/2024,"28,000.00","28,450.00","28,550.00","27,750.00",8.13M,-1.75%
12/11/2024,"28,500.00","28,700.00","29,100.00","28,500.00",4.16M,-0.35%
11/11/2024,"28,600.00","29,100.00","29,150.00","28,250.00",10.67M,-1.72%
8/11/2024,"29,100.00","29,400.00","29,450.00","29,000.00",5.94M,-0.68%
7/11/2024,"29,300.00","29,550.00","29,600.00","29,300.00",5.23M,-0.51%
6/11/2024,"29,450.00","29,200.00","29,500.00","29,000.00",8.45M,1.73%
5/11/2024,"28,950.00","28,950.00","29,250.00","28,950.00",3.98M,-0.17%
4/11/2024,"29,000.00","28,450.00","29,250.00","28,200.00",9.68M,2.11%
1/11/2024,"28,400.00","28,750.00","28,750.00","28,300.00",4.41M,-1.39%
31/10/2024,"28,800.00","28,500.00","28,900.00","28,400.00",5.14M,1.59%
30/10/2024,"28,350.00","28,700.00","28,750.00","28,200.00",5.24M,-1.05%
29/10/2024,"28,650.00","28,900.00","29,000.00","28,500.00",5.35M,-0.17%
28/10/2024,"28,700.00","28,500.00","29,000.00","28,450.00",4.60M,1.41%
25/10/2024,"28,300.00","28,250.00","28,450.00","28,200.00",6.45M,0.35%
24/10/2024,"28,200.00","28,950.00","29,200.00","28,200.00",11.03M,-2.42%
23/10/2024,"28,900.00","28,900.00","29,350.00","28,700.00",7.44M,0.00%
22/10/2024,"28,900.00","29,500.00","29,750.00","28,550.00",13.15M,-2.20%
21/10/2024,"29,550.00","30,300.00","30,450.00","29,500.00",12.90M,-2.96%
18/10/2024,"30,450.00","30,900.00","31,000.00","30,450.00",11.18M,-0.49%
17/10/2024,"30,600.00","30,350.00","30,650.00","29,600.00",10.65M,0.99%
16/10/2024,"30,300.00","30,350.00","30,600.00","30,250.00",4.87M,-0.16%
15/10/2024,"30,350.00","31,000.00","31,300.00","30,300.00",9.71M,-2.10%
14/10/2024,"31,000.00","31,400.00","31,550.00","31,000.00",7.39M,-0.64%
11/10/2024,"31,200.00","30,450.00","31,200.00","30,150.00",11.69M,2.63%
10/10/2024,"30,400.00","30,850.00","31,050.00","30,400.00",7.36M,-0.82%
9/10/2024,"30,650.00","30,350.00","30,850.00","30,200.00",8.23M,0.16%
8/10/2024,"30,600.00","31,300.00","31,350.00","30,100.00",17.12M,-1.61%
7/10/2024,"31,100.00","30,700.00","31,100.00","30,500.00",8.42M,2.13%
4/10/2024,"30,450.00","30,350.00","30,800.00","30,250.00",7.39M,0.33%
3/10/2024,"30,350.00","30,700.00","31,000.00","30,150.00",12.02M,-0.98%
2/10/2024,"30,650.00","30,800.00","31,050.00","30,300.00",11.17M,-1.13%
1/10/2024,"31,000.00","31,100.00","31,800.00","30,950.00",11.36M,0.16%
30/09/2024,"30,950.00","30,800.00","31,450.00","30,600.00",7.16M,0.49%
27/09/2024,"30,800.00","31,200.00","31,300.00","30,800.00",10.05M,-0.81%
26/09/2024,"31,050.00","31,250.00","31,350.00","30,800.00",13.39M,-0.48%
25/09/2024,"31,200.00","30,950.00","31,800.00","30,900.00",16.08M,1.63%
24/09/2024,"30,700.00","30,500.00","30,800.00","30,450.00",6.48M,0.82%
23/09/2024,"30,450.00","30,650.00","30,900.00","30,450.00",9.42M,-0.65%
20/09/2024,"30,650.00","30,900.00","30,950.00","30,500.00",10.91M,0.49%
19/09/2024,"30,500.00","30,450.00","30,700.00","30,050.00",11.80M,1.16%
18/09/2024,"30,150.00","29,150.00","30,800.00","29,050.00",29.55M,3.97%
17/09/2024,"29,000.00","28,200.00","29,000.00","28,050.00",9.25M,2.84%
16/09/2024,"28,200.00","29,200.00","29,350.00","28,200.00",15.53M,-3.42%
13/09/2024,"29,200.00","28,900.00","29,700.00","28,900.00",13.78M,1.21%
12/9/2024,"28,850.00","29,300.00","29,300.00","28,850.00",5.21M,-0.52%
11/9/2024,"29,000.00","28,700.00","29,300.00","28,350.00",9.90M,0.52%
10/9/2024,"28,850.00","29,300.00","29,350.00","28,350.00",11.81M,-1.03%
9/9/2024,"29,150.00","29,050.00","29,450.00","28,750.00",7.05M,-0.51%
6/9/2024,"29,300.00","29,000.00","29,400.00","28,650.00",9.33M,0.51%
5/9/2024,"29,150.00","29,300.00","29,800.00","28,800.00",14.36M,0.00%
4/9/2024,"29,150.00","28,650.00","29,250.00","28,650.00",9.68M,-0.51%
30/08/2024,"29,300.00","29,200.00","29,550.00","28,950.00",8.10M,0.34%
29/08/2024,"29,200.00","29,350.00","29,600.00","29,050.00",6.16M,-0.85%
28/08/2024,"29,450.00","29,400.00","29,800.00","28,950.00",14.93M,0.86%
27/08/2024,"29,200.00","29,400.00","29,750.00","29,000.00",9.10M,-1.68%
26/08/2024,"29,700.00","29,100.00","29,950.00","28,750.00",22.83M,3.30%
23/08/2024,"28,750.00","28,000.00","28,950.00","27,650.00",21.11M,2.68%
22/08/2024,"28,000.00","27,600.00","28,000.00","27,300.00",9.27M,1.82%
21/08/2024,"27,500.00","27,400.00","27,600.00","27,200.00",8.75M,0.36%
20/08/2024,"27,400.00","27,150.00","27,750.00","26,950.00",11.76M,0.92%
19/08/2024,"27,150.00","27,500.00","27,600.00","26,950.00",6.54M,-0.18%
16/08/2024,"27,200.00","25,750.00","27,200.00","25,650.00",18.81M,6.67%
15/08/2024,"25,500.00","25,800.00","26,000.00","25,350.00",4.53M,-1.54%
14/08/2024,"25,900.00","26,100.00","26,300.00","25,550.00",5.42M,-0.38%
13/08/2024,"26,000.00","25,900.00","26,100.00","25,300.00",7.24M,0.39%
12/8/2024,"25,900.00","25,300.00","25,900.00","25,300.00",4.97M,1.77%
9/8/2024,"25,450.00","24,750.00","25,550.00","24,550.00",8.51M,4.73%
8/8/2024,"24,300.00","24,250.00","24,850.00","24,150.00",5.06M,-0.61%
7/8/2024,"24,450.00","24,400.00","24,500.00","23,900.00",3.60M,0.62%
6/8/2024,"24,300.00","23,600.00","24,350.00","23,100.00",6.85M,5.65%
5/8/2024,"23,000.00","24,200.00","24,350.00","23,000.00",9.28M,-6.31%
2/8/2024,"24,550.00","24,000.00","24,950.00","23,500.00",7.98M,1.24%
1/8/2024,"24,250.00","25,500.00","25,500.00","24,000.00",8.13M,-4.34%
31/07/2024,"25,350.00","25,700.00","25,850.00","25,250.00",2.89M,-0.98%
30/07/2024,"25,600.00","25,550.00","25,900.00","25,350.00",3.29M,-0.19%
29/07/2024,"25,650.00","25,600.00","25,900.00","25,500.00",3.38M,0.98%
26/07/2024,"25,400.00","25,200.00","25,450.00","25,050.00",2.43M,1.40%
25/07/2024,"25,050.00","25,000.00","25,400.00","24,800.00",3.55M,-1.96%
24/07/2024,"25,550.00","25,400.00","25,900.00","24,500.00",7.82M,0.00%
23/07/2024,"25,550.00","26,750.00","26,750.00","25,500.00",6.56M,-3.58%
22/07/2024,"26,500.00","26,100.00","26,800.00","26,100.00",9.68M,1.92%
19/07/2024,"26,000.00","26,100.00","26,500.00","25,800.00",4.54M,-0.38%
18/07/2024,"26,100.00","26,100.00","26,200.00","25,700.00",5.16M,0.77%
17/07/2024,"25,900.00","26,700.00","26,750.00","25,300.00",6.93M,-2.26%
16/07/2024,"26,500.00","26,550.00","26,900.00","26,500.00",3.77M,0.00%
15/07/2024,"26,500.00","26,900.00","26,900.00","26,300.00",3.35M,-0.46%
12/7/2024,"26,622.00","27,053.00","27,149.00","26,335.00",4.51M,-1.42%
11/7/2024,"27,005.00","26,766.00","27,101.00","26,670.00",7.07M,1.44%
10/7/2024,"26,622.00","27,005.00","27,005.00","26,526.00",4.19M,-0.72%
9/7/2024,"26,814.00","26,239.00","26,909.00","26,143.00",7.55M,2.38%
8/7/2024,"26,191.00","26,335.00","26,526.00","26,143.00",3.18M,0.18%
5/7/2024,"26,143.00","26,335.00","26,478.00","26,047.00",2.91M,-0.73%
4/7/2024,"26,335.00","26,143.00","26,430.00","26,000.00",4.08M,0.73%
3/7/2024,"26,143.00","26,095.00","26,239.00","26,000.00",4.12M,0.74%
2/7/2024,"25,952.00","25,808.00","26,047.00","25,712.00",3.35M,1.88%
1/7/2024,"25,473.00","25,281.00","25,616.00","24,994.00",4.33M,1.53%
28/06/2024,"25,090.00","25,521.00","25,856.00","24,946.00",5.96M,-1.69%
27/06/2024,"25,521.00","25,712.00","25,712.00","25,281.00",3.05M,0.00%
26/06/2024,"25,521.00","25,712.00","25,856.00","25,090.00",4.96M,-0.74%
25/06/2024,"25,712.00","25,712.00","25,856.00","25,377.00",6.29M,1.13%
24/06/2024,"25,425.00","27,005.00","27,053.00","25,425.00",16.53M,-5.68%
21/06/2024,"26,957.00","27,053.00","27,197.00","26,814.00",5.75M,0.18%
20/06/2024,"26,909.00","27,388.00","27,388.00","26,814.00",6.58M,-0.88%
19/06/2024,"27,149.00","27,292.00","27,580.00","26,861.00",7.35M,0.18%
18/06/2024,"27,101.00","27,388.00","27,532.00","27,101.00",9.55M,-0.52%
17/06/2024,"27,244.00","27,484.00","27,675.00","27,005.00",18.13M,-1.56%
14/06/2024,"27,675.00","28,537.00","29,351.00","27,675.00",14.97M,-2.20%
13/06/2024,"28,298.00","28,920.00","28,920.00","28,298.00",4.98M,-1.17%
12/6/2024,"28,633.00","28,154.00","28,633.00","28,154.00",8.47M,1.70%
11/6/2024,"28,154.00","27,915.00","28,202.00","27,580.00",8.71M,1.38%
10/6/2024,"27,771.00","27,580.00","28,202.00","27,580.00",4.77M,1.04%
7/6/2024,"27,484.00","27,675.00","27,915.00","27,484.00",5.07M,-0.35%
6/6/2024,"27,580.00","28,106.00","28,202.00","27,532.00",7.30M,-1.54%
5/6/2024,"28,011.00","28,298.00","28,394.00","27,963.00",8.00M,-0.34%
4/6/2024,"28,106.00","28,441.00","28,585.00","28,058.00",8.14M,-0.51%
3/6/2024,"28,250.00","27,963.00","28,585.00","27,963.00",7.11M,2.26%
31/05/2024,"27,627.00","27,867.00","27,963.00","27,484.00",2.79M,-0.35%
30/05/2024,"27,723.00","27,580.00","27,867.00","27,197.00",9.61M,-1.19%
29/05/2024,"28,058.00","28,489.00","28,633.00","27,963.00",4.81M,-1.51%
28/05/2024,"28,489.00","27,963.00","28,537.00","27,819.00",7.39M,2.41%
27/05/2024,"27,819.00","27,867.00","28,011.00","27,388.00",6.35M,-0.17%
24/05/2024,"27,867.00","29,016.00","29,351.00","27,388.00",16.38M,-5.06%
23/05/2024,"29,351.00","29,208.00","29,351.00","28,537.00",6.49M,0.49%
22/05/2024,"29,208.00","28,729.00","29,926.00","28,729.00",17.06M,2.70%
21/05/2024,"28,441.00","28,106.00","28,441.00","27,819.00",6.83M,0.85%
20/05/2024,"28,202.00","28,585.00","28,633.00","28,154.00",8.58M,-0.17%
17/05/2024,"28,250.00","28,058.00","28,585.00","27,867.00",7.60M,0.68%
16/05/2024,"28,058.00","28,106.00","28,585.00","27,915.00",7.16M,1.03%
15/05/2024,"27,771.00","27,340.00","28,633.00","27,197.00",10.77M,1.76%
14/05/2024,"27,292.00","27,292.00","27,675.00","27,101.00",4.58M,0.70%
13/05/2024,"27,101.00","27,580.00","27,675.00","26,861.00",6.60M,-0.70%
10/5/2024,"27,292.00","27,101.00","27,484.00","26,670.00",5.86M,0.70%
9/5/2024,"27,101.00","27,197.00","27,484.00","26,861.00",9.69M,0.53%
8/5/2024,"26,957.00","26,335.00","27,197.00","26,287.00",7.41M,1.08%
7/5/2024,"26,670.00","26,718.00","26,814.00","26,430.00",4.93M,0.73%
6/5/2024,"26,478.00","25,664.00","27,005.00","25,473.00",11.12M,4.54%
3/5/2024,"25,329.00","25,760.00","25,856.00","25,233.00",3.87M,0.38%
2/5/2024,"25,233.00","25,904.00","25,952.00","25,090.00",4.28M,-2.59%
26/04/2024,"25,904.00","25,664.00","25,952.00","25,473.00",6.45M,-0.91%
25/04/2024,"26,143.00","26,383.00","26,383.00","25,856.00",3.33M,-1.27%
24/04/2024,"26,478.00","25,664.00","26,478.00","25,473.00",6.96M,4.93%
23/04/2024,"25,233.00","25,425.00","25,760.00","24,659.00",7.31M,-0.57%
22/04/2024,"25,377.00","24,611.00","25,425.00","24,324.00",6.76M,6.64%
19/04/2024,"23,797.00","24,515.00","25,090.00","23,749.00",12.00M,-4.79%
17/04/2024,"24,994.00","26,430.00","26,430.00","24,994.00",5.98M,-4.57%
16/04/2024,"26,191.00","26,239.00","26,335.00","24,994.00",10.41M,-0.37%
15/04/2024,"26,287.00","28,058.00","28,298.00","26,287.00",11.80M,-6.95%
12/4/2024,"28,250.00","27,723.00","28,250.00","27,484.00",8.26M,2.43%
11/4/2024,"27,580.00","27,005.00","27,627.00","27,005.00",5.21M,1.06%
10/4/2024,"27,292.00","27,627.00","27,675.00","27,292.00",4.22M,-1.21%
9/4/2024,"27,627.00","26,957.00","27,771.00","26,861.00",8.11M,2.85%
8/4/2024,"26,861.00","27,005.00","27,292.00","26,814.00",5.61M,-0.53%
5/4/2024,"27,005.00","27,771.00","28,106.00","27,005.00",10.63M,-3.75%
4/4/2024,"28,058.00","27,963.00","28,394.00","27,675.00",8.16M,0.17%
3/4/2024,"28,011.00","28,681.00","28,920.00","27,963.00",8.33M,-2.17%
2/4/2024,"28,633.00","28,346.00","28,633.00","27,771.00",6.65M,0.51%
1/4/2024,"28,489.00","28,250.00","28,729.00","27,771.00",9.57M,0.85%
29/03/2024,"28,250.00","28,729.00","28,777.00","28,250.00",7.32M,-1.83%
28/03/2024,"28,777.00","28,250.00","28,777.00","28,154.00",17.33M,3.62%
27/03/2024,"27,771.00","27,388.00","27,771.00","27,101.00",7.48M,2.47%
26/03/2024,"27,101.00","26,718.00","27,388.00","26,526.00",6.67M,0.71%
25/03/2024,"26,909.00","27,484.00","27,627.00","26,814.00",8.08M,-1.75%
22/03/2024,"27,388.00","27,244.00","27,723.00","27,101.00",11.75M,1.24%
21/03/2024,"27,053.00","27,149.00","27,484.00","26,957.00",9.36M,1.07%
20/03/2024,"26,766.00","26,287.00","26,766.00","26,000.00",6.13M,2.01%
19/03/2024,"26,239.00","26,000.00","26,383.00","25,904.00",3.95M,1.11%
18/03/2024,"25,952.00","27,149.00","27,244.00","25,377.00",16.18M,-4.24%
15/03/2024,"27,101.00","27,292.00","27,388.00","26,814.00",10.76M,-1.22%
14/03/2024,"27,436.00","28,011.00","28,106.00","27,197.00",12.70M,-1.38%
13/03/2024,"27,819.00","26,957.00","27,867.00","26,718.00",10.74M,3.57%
12/3/2024,"26,861.00","26,622.00","26,957.00","26,335.00",7.01M,0.90%
11/3/2024,"26,622.00","27,149.00","27,149.00","26,335.00",8.42M,-1.77%
8/3/2024,"27,101.00","27,963.00","28,106.00","27,101.00",11.27M,-2.41%
7/3/2024,"27,771.00","27,197.00","27,963.00","27,197.00",10.51M,1.58%
6/3/2024,"27,340.00","27,675.00","27,867.00","27,053.00",7.54M,-1.55%
5/3/2024,"27,771.00","27,197.00","27,867.00","26,957.00",9.81M,1.76%
4/3/2024,"27,292.00","27,484.00","27,723.00","27,101.00",8.87M,0.70%
1/3/2024,"27,101.00","27,149.00","27,771.00","26,909.00",9.26M,1.25%
29/02/2024,"26,766.00","27,484.00","27,627.00","26,670.00",16.33M,-1.93%
28/02/2024,"27,292.00","27,149.00","27,580.00","26,670.00",12.62M,0.70%
27/02/2024,"27,101.00","27,292.00","27,627.00","27,005.00",8.41M,0.00%
26/02/2024,"27,101.00","25,521.00","27,101.00","25,473.00",31.98M,7.00%
23/02/2024,"25,329.00","25,569.00","26,000.00","25,186.00",13.40M,-0.38%
22/02/2024,"25,425.00","25,664.00","25,712.00","25,425.00",4.81M,-1.12%
21/02/2024,"25,712.00","25,616.00","25,760.00","25,377.00",6.73M,0.19%
20/02/2024,"25,664.00","25,856.00","26,047.00","25,569.00",7.34M,0.00%
19/02/2024,"25,664.00","25,808.00","25,856.00","25,377.00",10.74M,-0.56%
16/02/2024,"25,808.00","25,904.00","26,143.00","25,712.00",6.88M,-0.19%
15/02/2024,"25,856.00","26,335.00","26,335.00","25,712.00",6.29M,-1.10%
7/2/2024,"26,143.00","26,287.00","26,478.00","26,095.00",4.70M,0.00%
6/2/2024,"26,143.00","25,856.00","26,622.00","25,856.00",5.54M,1.30%
5/2/2024,"25,808.00","25,569.00","25,952.00","25,281.00",5.63M,0.56%
2/2/2024,"25,664.00","25,712.00","26,000.00","25,521.00",5.01M,0.37%
1/2/2024,"25,569.00","25,425.00","25,856.00","25,329.00",3.36M,0.76%
31/01/2024,"25,377.00","25,952.00","26,430.00","25,377.00",10.41M,-1.67%
30/01/2024,"25,808.00","25,329.00","25,904.00","25,233.00",4.98M,1.89%
29/01/2024,"25,329.00","25,856.00","26,000.00","25,186.00",6.31M,-1.49%
26/01/2024,"25,712.00","25,233.00","26,239.00","25,186.00",8.66M,2.09%
25/01/2024,"25,186.00","25,329.00","25,569.00","24,994.00",5.42M,0.38%
24/01/2024,"25,090.00","24,036.00","25,664.00","24,036.00",19.15M,4.39%
23/01/2024,"24,036.00","23,845.00","24,084.00","23,653.00",9.89M,1.00%
22/01/2024,"23,797.00","23,510.00","23,797.00","23,079.00",5.57M,1.84%
19/01/2024,"23,366.00","23,749.00","23,797.00","23,366.00",4.68M,-0.82%
18/01/2024,"23,558.00","23,845.00","23,941.00","23,558.00",3.96M,-1.00%
17/01/2024,"23,797.00","23,749.00","24,324.00","23,462.00",9.17M,0.61%
16/01/2024,"23,653.00","23,175.00","23,653.00","22,983.00",4.26M,1.86%
15/01/2024,"23,222.00","23,653.00","23,797.00","23,222.00",2.12M,-1.23%
12/1/2024,"23,510.00","23,270.00","23,653.00","22,744.00",8.53M,0.82%
11/1/2024,"23,318.00","23,175.00","23,605.00","23,127.00",4.01M,0.83%
10/1/2024,"23,127.00","23,366.00","23,414.00","23,031.00",4.24M,-0.82%
9/1/2024,"23,318.00","23,653.00","23,653.00","23,222.00",5.65M,-1.02%
8/1/2024,"23,558.00","23,653.00","23,797.00","23,510.00",3.77M,0.00%
5/1/2024,"23,558.00","23,701.00","23,749.00","23,222.00",8.87M,-0.40%
4/1/2024,"23,653.00","23,653.00","24,036.00","23,653.00",10.11M,-0.40%
3/1/2024,"23,749.00","23,653.00","23,845.00","23,510.00",6.66M,0.41%
2/1/2024,"23,653.00","24,324.00","24,324.00","23,605.00",17.26M,3.96%
29/12/2023,"22,751.00","22,618.00","22,817.00","22,518.00",19.91M,0.59%
28/12/2023,"22,618.00","22,485.00","22,618.00","22,285.00",13.56M,1.80%
27/12/2023,"22,219.00","21,886.00","22,618.00","21,853.00",20.70M,1.99%
26/12/2023,"21,786.00","21,886.00","21,986.00","21,753.00",12.93M,-0.16%
25/12/2023,"21,820.00","21,686.00","21,953.00","21,454.00",9.91M,1.24%
22/12/2023,"21,553.00","21,820.00","22,019.00","21,487.00",8.96M,-0.92%
21/12/2023,"21,753.00","21,686.00","22,019.00","21,520.00",10.83M,0.15%
20/12/2023,"21,720.00","20,988.00","22,019.00","20,988.00",19.32M,3.65%
19/12/2023,"20,955.00","20,622.00","20,955.00","20,489.00",9.25M,1.61%
18/12/2023,"20,622.00","21,021.00","21,088.00","20,622.00",7.54M,-1.59%
15/12/2023,"20,955.00","20,489.00","20,988.00","20,356.00",8.58M,2.44%
14/12/2023,"20,456.00","20,921.00","20,955.00","20,290.00",9.51M,-0.96%
13/12/2023,"20,655.00","21,287.00","21,387.00","20,622.00",12.30M,-2.05%
12/12/2023,"21,088.00","21,321.00","21,520.00","21,055.00",6.21M,-0.93%
11/12/2023,"21,287.00","20,822.00","21,487.00","20,722.00",15.35M,3.22%
8/12/2023,"20,622.00","20,622.00","20,822.00","20,456.00",7.91M,0.49%
7/12/2023,"20,522.00","21,121.00","21,154.00","20,023.00",16.23M,-2.07%
6/12/2023,"20,955.00","20,622.00","21,021.00","20,489.00",10.14M,2.44%
5/12/2023,"20,456.00","20,722.00","20,755.00","20,389.00",7.06M,-0.80%
4/12/2023,"20,622.00","19,990.00","20,955.00","19,924.00",12.41M,5.09%
1/12/2023,"19,624.00","19,757.00","19,890.00","19,391.00",5.37M,0.85%
30/11/2023,"19,458.00","19,558.00","19,791.00","19,458.00",6.26M,-0.17%
29/11/2023,"19,491.00","19,391.00","19,691.00","19,391.00",5.70M,0.34%
28/11/2023,"19,425.00","19,092.00","19,458.00","18,660.00",6.47M,1.74%
27/11/2023,"19,092.00","19,558.00","19,624.00","19,026.00",4.10M,-2.38%
24/11/2023,"19,558.00","19,358.00","19,558.00","18,693.00",8.80M,2.80%
23/11/2023,"19,026.00","20,356.00","20,489.00","19,026.00",10.16M,-5.61%
22/11/2023,"20,156.00","19,591.00","20,256.00","19,591.00",12.01M,2.71%
21/11/2023,"19,624.00","19,757.00","19,791.00","19,491.00",5.33M,0.51%
20/11/2023,"19,524.00","18,693.00","19,691.00","18,593.00",8.71M,2.26%
17/11/2023,"19,092.00","19,757.00","19,890.00","19,026.00",9.93M,-3.04%
16/11/2023,"19,691.00","19,558.00","19,691.00","19,258.00",6.15M,0.51%
15/11/2023,"19,591.00","20,057.00","20,156.00","19,524.00",8.33M,0.17%
14/11/2023,"19,558.00","19,691.00","19,791.00","19,325.00",6.77M,0.68%
13/11/2023,"19,425.00","19,159.00","19,491.00","18,893.00",6.76M,1.04%
10/11/2023,"19,225.00","19,092.00","19,824.00","18,959.00",8.18M,-0.35%
9/11/2023,"19,292.00","19,292.00","19,824.00","19,159.00",11.73M,0.69%
8/11/2023,"19,159.00","17,961.00","19,159.00","17,895.00",10.18M,6.87%
7/11/2023,"17,928.00","18,161.00","18,427.00","17,928.00",6.47M,-1.64%
6/11/2023,"18,227.00","18,161.00","18,327.00","18,028.00",5.22M,1.48%
3/11/2023,"17,961.00","18,327.00","18,360.00","17,795.00",8.01M,-1.46%
2/11/2023,"18,227.00","17,629.00","18,427.00","17,529.00",8.67M,5.38%
1/11/2023,"17,296.00","16,298.00","17,329.00","16,132.00",8.08M,6.55%
31/10/2023,"16,232.00","17,496.00","17,496.00","16,165.00",10.44M,-6.15%
30/10/2023,"17,296.00","18,028.00","18,360.00","17,296.00",4.21M,-5.46%
27/10/2023,"18,294.00","18,161.00","18,560.00","17,562.00",6.20M,2.61%
26/10/2023,"17,828.00","18,626.00","18,660.00","17,762.00",17.29M,-6.62%
25/10/2023,"19,092.00","19,658.00","19,757.00","19,059.00",4.76M,-2.71%
24/10/2023,"19,624.00","19,258.00","19,724.00","19,258.00",5.34M,1.90%
23/10/2023,"19,258.00","19,225.00","19,624.00","18,992.00",6.26M,0.17%
20/10/2023,"19,225.00","18,061.00","19,225.00","17,961.00",9.81M,6.84%
19/10/2023,"17,994.00","18,626.00","18,759.00","17,961.00",5.78M,-3.39%
18/10/2023,"18,626.00","19,026.00","19,292.00","17,429.00",11.62M,-0.18%
17/10/2023,"18,660.00","20,223.00","20,456.00","18,660.00",4.17M,-6.97%
16/10/2023,"20,057.00","20,755.00","20,855.00","20,057.00",6.71M,-3.98%
13/10/2023,"20,888.00","20,689.00","21,021.00","20,323.00",5.71M,-0.32%
12/10/2023,"20,955.00","20,888.00","21,354.00","20,755.00",7.85M,1.12%
11/10/2023,"20,722.00","20,090.00","20,722.00","19,990.00",6.09M,3.15%
10/10/2023,"20,090.00","20,489.00","20,622.00","19,957.00",5.04M,-0.99%
9/10/2023,"20,290.00","19,857.00","20,290.00","19,724.00",4.58M,2.18%
6/10/2023,"19,857.00","19,292.00","19,857.00","18,926.00",5.83M,2.93%
5/10/2023,"19,292.00","19,924.00","20,123.00","19,292.00",4.66M,-2.35%
4/10/2023,"19,757.00","19,159.00","20,356.00","19,026.00",8.16M,2.41%
3/10/2023,"19,292.00","20,423.00","20,456.00","19,292.00",12.16M,-6.75%
2/10/2023,"20,689.00","20,223.00","20,788.00","20,223.00",5.15M,1.80%
29/09/2023,"20,323.00","20,788.00","20,955.00","20,090.00",5.80M,-0.97%
28/09/2023,"20,522.00","20,888.00","20,955.00","20,356.00",6.64M,-2.07%
27/09/2023,"20,955.00","20,290.00","20,955.00","19,924.00",8.36M,5.00%
26/09/2023,"19,957.00","19,724.00","20,855.00","19,691.00",9.87M,1.18%
25/09/2023,"19,724.00","21,287.00","21,354.00","19,724.00",14.93M,-6.91%
22/09/2023,"21,188.00","21,953.00","22,152.00","21,188.00",17.93M,-6.87%
21/09/2023,"22,751.00","23,483.00","23,483.00","22,751.00",14.74M,-3.12%
20/09/2023,"23,483.00","23,217.00","23,616.00","23,150.00",8.66M,1.88%
19/09/2023,"23,050.00","23,250.00","23,250.00","22,751.00",9.43M,0.14%
18/09/2023,"23,017.00","22,817.00","23,217.00","22,618.00",8.15M,0.44%
15/09/2023,"22,917.00","22,950.00","23,183.00","22,618.00",9.29M,0.58%
14/09/2023,"22,784.00","23,582.00","23,782.00","22,784.00",13.50M,-3.25%
13/09/2023,"23,549.00","23,882.00","24,048.00","23,283.00",11.04M,-1.25%
12/9/2023,"23,848.00","22,618.00","23,882.00","22,518.00",15.34M,5.59%
11/9/2023,"22,585.00","22,817.00","23,150.00","22,518.00",15.12M,-0.15%
8/9/2023,"22,618.00","22,285.00","22,884.00","22,219.00",10.16M,1.34%
7/9/2023,"22,318.00","22,751.00","22,784.00","22,219.00",13.55M,-1.47%
6/9/2023,"22,651.00","22,285.00","23,250.00","22,052.00",12.23M,1.64%
5/9/2023,"22,285.00","21,919.00","22,585.00","21,753.00",21.28M,2.45%
31/08/2023,"21,753.00","21,953.00","22,252.00","21,720.00",11.01M,0.00%
30/08/2023,"21,753.00","20,522.00","21,753.00","20,356.00",19.86M,6.86%
29/08/2023,"20,356.00","20,256.00","20,622.00","20,090.00",10.62M,1.32%
28/08/2023,"20,090.00","20,123.00","20,156.00","19,857.00",9.17M,1.01%
25/08/2023,"19,890.00","19,757.00","20,256.00","19,658.00",7.66M,0.50%
24/08/2023,"19,791.00","19,192.00","19,791.00","19,059.00",8.26M,3.12%
23/08/2023,"19,192.00","19,624.00","19,624.00","19,059.00",4.61M,-1.20%
22/08/2023,"19,425.00","18,992.00","19,425.00","18,028.00",10.86M,2.46%
21/08/2023,"18,959.00","19,092.00","19,258.00","18,660.00",8.26M,0.35%
18/08/2023,"18,893.00","20,223.00","20,290.00","18,893.00",13.01M,-6.89%
17/08/2023,"20,290.00","20,290.00","20,888.00","20,256.00",13.61M,0.66%
16/08/2023,"20,156.00","20,057.00","20,223.00","19,890.00",4.49M,0.49%
15/08/2023,"20,057.00","20,423.00","20,522.00","19,990.00",5.54M,-1.63%
14/08/2023,"20,389.00","19,890.00","20,522.00","19,624.00",12.62M,3.90%
11/8/2023,"19,624.00","19,924.00","19,957.00","19,358.00",9.79M,-1.17%
10/8/2023,"19,857.00","20,356.00","20,423.00","19,857.00",7.58M,-2.29%
9/8/2023,"20,323.00","20,689.00","20,822.00","20,323.00",7.10M,-2.08%
8/8/2023,"20,755.00","20,955.00","21,254.00","20,722.00",8.30M,-0.32%
7/8/2023,"20,822.00","20,389.00","20,822.00","20,290.00",9.84M,3.30%
4/8/2023,"20,156.00","19,957.00","20,156.00","19,724.00",5.64M,2.02%
3/8/2023,"19,757.00","20,090.00","20,156.00","19,757.00",5.47M,-1.66%
2/8/2023,"20,090.00","19,990.00","20,290.00","19,924.00",4.99M,0.67%
1/8/2023,"19,957.00","20,489.00","20,522.00","19,957.00",9.12M,-2.60%
31/07/2023,"20,489.00","20,722.00","20,755.00","20,423.00",6.11M,-0.16%
28/07/2023,"20,522.00","20,290.00","20,722.00","20,190.00",9.12M,1.31%
27/07/2023,"20,256.00","20,156.00","20,456.00","20,023.00",7.25M,0.66%
26/07/2023,"20,123.00","20,156.00","20,256.00","19,957.00",4.85M,-0.16%
25/07/2023,"20,156.00","20,290.00","20,589.00","20,123.00",6.96M,-0.66%
24/07/2023,"20,290.00","20,489.00","20,522.00","20,090.00",4.73M,0.17%
21/07/2023,"20,256.00","19,757.00","20,256.00","19,757.00",6.53M,1.84%
20/07/2023,"19,890.00","20,156.00","20,223.00","19,691.00",7.39M,-1.32%
19/07/2023,"20,156.00","20,556.00","20,622.00","20,156.00",6.73M,-1.78%
18/07/2023,"20,522.00","20,456.00","20,722.00","20,389.00",5.36M,-0.33%
17/07/2023,"20,589.00","20,223.00","20,822.00","20,156.00",9.61M,1.98%
14/07/2023,"20,190.00","20,223.00","20,323.00","19,691.00",7.06M,0.17%
13/07/2023,"20,156.00","20,023.00","20,223.00","19,924.00",5.18M,1.67%
12/7/2023,"19,824.00","20,090.00","20,323.00","19,624.00",9.48M,-1.32%
11/7/2023,"20,090.00","20,057.00","20,323.00","19,957.00",9.16M,0.50%
10/7/2023,"19,990.00","20,023.00","20,356.00","19,990.00",9.33M,0.84%
7/7/2023,"19,824.00","19,491.00","19,824.00","19,258.00",6.79M,0.68%
6/7/2023,"19,691.00","19,558.00","20,123.00","19,225.00",15.35M,0.17%
5/7/2023,"19,658.00","19,824.00","19,890.00","19,425.00",7.34M,-0.84%
4/7/2023,"19,824.00","18,893.00","19,824.00","18,759.00",19.15M,5.68%
3/7/2023,"18,759.00","18,793.00","18,992.00","18,693.00",4.56M,0.18%
30/06/2023,"18,726.00","18,626.00","18,893.00","18,560.00",5.78M,0.54%
29/06/2023,"18,626.00","19,391.00","19,425.00","18,626.00",8.30M,-3.62%
28/06/2023,"19,325.00","19,292.00","19,524.00","19,092.00",6.85M,0.87%
27/06/2023,"19,159.00","19,092.00","19,159.00","18,893.00",6.10M,1.05%
26/06/2023,"18,959.00","19,225.00","19,225.00","18,493.00",9.00M,-0.70%
23/06/2023,"19,092.00","19,292.00","19,391.00","18,859.00",10.26M,-0.69%
22/06/2023,"19,225.00","19,059.00","19,358.00","18,859.00",8.74M,1.40%
21/06/2023,"18,959.00","18,227.00","18,992.00","18,194.00",17.02M,4.39%
20/06/2023,"18,161.00","18,061.00","18,161.00","17,861.00",5.76M,0.74%
19/06/2023,"18,028.00","17,895.00","18,161.00","17,695.00",7.58M,0.93%
16/06/2023,"17,861.00","17,629.00","18,460.00","17,629.00",24.01M,1.89%
15/06/2023,"17,529.00","17,396.00","17,695.00","17,296.00",7.67M,0.96%
14/06/2023,"17,362.00","17,529.00","17,728.00","17,296.00",8.27M,-0.20%
13/06/2023,"17,396.00","17,662.00","17,695.00","17,396.00",7.61M,-0.95%
12/6/2023,"17,562.00","17,762.00","17,762.00","17,296.00",6.78M,-0.75%
9/6/2023,"17,695.00","17,496.00","17,695.00","17,229.00",7.50M,1.92%
8/6/2023,"17,362.00","18,094.00","18,094.00","17,296.00",17.10M,-3.51%
7/6/2023,"17,994.00","18,158.00","18,158.00","17,831.00",9.14M,-0.54%
6/6/2023,"18,092.00","17,537.00","18,092.00","17,472.00",11.64M,3.16%
5/6/2023,"17,537.00","18,125.00","18,125.00","17,537.00",12.20M,-2.01%
2/6/2023,"17,896.00","18,158.00","18,223.00","17,896.00",9.53M,0.00%
1/6/2023,"17,896.00","17,635.00","17,896.00","17,505.00",7.37M,1.10%
31/05/2023,"17,701.00","17,864.00","17,994.00","17,570.00",8.99M,-0.55%
30/05/2023,"17,799.00","17,766.00","17,929.00","17,570.00",8.68M,0.19%
29/05/2023,"17,766.00","17,472.00","17,766.00","17,309.00",9.17M,3.03%
26/05/2023,"17,243.00","17,015.00","17,407.00","16,982.00",5.42M,1.54%
25/05/2023,"16,982.00","17,080.00","17,276.00","16,917.00",7.83M,-1.14%
24/05/2023,"17,178.00","17,570.00","17,635.00","17,178.00",8.88M,-1.32%
23/05/2023,"17,407.00","17,178.00","17,799.00","17,178.00",19.41M,1.72%
22/05/2023,"17,113.00","16,949.00","17,243.00","16,949.00",6.90M,1.75%
19/05/2023,"16,819.00","16,786.00","17,047.00","16,655.00",8.17M,0.39%
18/05/2023,"16,753.00","16,525.00","17,047.00","16,427.00",8.29M,1.78%
17/05/2023,"16,460.00","16,655.00","16,753.00","16,427.00",5.95M,-1.75%
16/05/2023,"16,753.00","16,753.00","16,884.00","16,623.00",4.81M,0.00%
15/05/2023,"16,753.00","17,145.00","17,211.00","16,721.00",5.81M,-1.54%
12/5/2023,"17,015.00","16,688.00","17,080.00","16,590.00",7.59M,1.96%
11/5/2023,"16,688.00","16,721.00","16,851.00","16,590.00",5.16M,0.00%
10/5/2023,"16,688.00","16,721.00","16,819.00","16,623.00",5.71M,0.20%
9/5/2023,"16,655.00","16,786.00","16,786.00","16,460.00",3.39M,0.00%
8/5/2023,"16,655.00","16,427.00","16,721.00","16,394.00",6.57M,2.20%
5/5/2023,"16,296.00","16,525.00","16,590.00","16,296.00",3.48M,-1.77%
4/5/2023,"16,590.00","16,198.00","16,623.00","16,166.00",6.19M,1.80%
28/04/2023,"16,296.00","16,198.00","16,329.00","16,002.00",4.49M,1.84%
27/04/2023,"16,002.00","16,231.00","16,394.00","16,002.00",3.37M,-1.61%
26/04/2023,"16,264.00","15,970.00","16,264.00","15,741.00",7.06M,1.22%
25/04/2023,"16,068.00","16,688.00","16,688.00","15,839.00",10.00M,-2.96%
24/04/2023,"16,558.00","16,655.00","16,949.00","16,525.00",3.87M,-0.97%
21/04/2023,"16,721.00","16,655.00","17,145.00","16,525.00",7.83M,0.98%
20/04/2023,"16,558.00","16,721.00","16,819.00","16,525.00",4.84M,-0.97%
19/04/2023,"16,721.00","17,145.00","17,276.00","16,721.00",8.61M,-2.85%
18/04/2023,"17,211.00","16,786.00","17,276.00","16,655.00",10.54M,3.13%
17/04/2023,"16,688.00","16,623.00","16,721.00","16,427.00",4.06M,1.19%
14/04/2023,"16,492.00","16,917.00","17,015.00","16,492.00",7.75M,-1.75%
13/04/2023,"16,786.00","16,558.00","16,982.00","16,460.00",10.08M,1.58%
12/4/2023,"16,525.00","16,949.00","16,949.00","16,492.00",7.84M,-2.32%
11/4/2023,"16,917.00","16,721.00","16,982.00","16,427.00",9.50M,1.17%
10/4/2023,"16,721.00","17,374.00","17,439.00","16,721.00",10.99M,-2.29%
7/4/2023,"17,113.00","16,884.00","17,211.00","16,721.00",11.00M,1.75%
6/4/2023,"16,819.00","17,439.00","17,603.00","16,786.00",14.44M,-3.74%
5/4/2023,"17,472.00","17,309.00","17,472.00","17,047.00",9.88M,0.19%
4/4/2023,"17,439.00","16,982.00","17,635.00","16,851.00",17.33M,2.30%
3/4/2023,"17,047.00","17,080.00","17,145.00","16,949.00",13.06M,2.35%
31/03/2023,"16,655.00","16,198.00","16,917.00","15,872.00",15.81M,3.24%
30/03/2023,"16,133.00","16,590.00","16,590.00","16,100.00",7.55M,-0.60%
29/03/2023,"16,231.00","16,002.00","16,231.00","15,904.00",6.28M,1.84%
28/03/2023,"15,937.00","16,362.00","16,427.00","15,937.00",6.49M,-1.81%
27/03/2023,"16,231.00","16,068.00","16,525.00","15,937.00",9.25M,1.43%
24/03/2023,"16,002.00","16,166.00","16,264.00","15,970.00",7.97M,0.00%
23/03/2023,"16,002.00","15,414.00","16,002.00","15,414.00",8.22M,2.72%
22/03/2023,"15,578.00","15,741.00","15,904.00","15,545.00",5.05M,-0.20%
21/03/2023,"15,610.00","15,317.00","15,643.00","15,153.00",4.41M,3.02%
20/03/2023,"15,153.00","15,512.00","15,578.00","15,153.00",6.15M,-2.31%
17/03/2023,"15,512.00","15,872.00","15,937.00","15,414.00",5.38M,-0.84%
16/03/2023,"15,643.00","15,872.00","16,068.00","15,578.00",8.29M,-2.24%
15/03/2023,"16,002.00","15,512.00","16,002.00","15,414.00",9.20M,6.99%
14/03/2023,"14,957.00","15,643.00","15,643.00","14,925.00",10.08M,-4.59%
13/03/2023,"15,676.00","15,676.00","15,970.00","15,447.00",6.78M,-1.23%
10/3/2023,"15,872.00","15,904.00","16,035.00","15,676.00",9.02M,-1.22%
9/3/2023,"16,068.00","16,231.00","16,394.00","16,002.00",10.66M,-1.00%
8/3/2023,"16,231.00","15,610.00","16,231.00","15,480.00",8.85M,3.11%
7/3/2023,"15,741.00","15,349.00","15,872.00","15,317.00",7.06M,3.88%
6/3/2023,"15,153.00","15,317.00","15,578.00","15,023.00",4.95M,1.31%
3/3/2023,"14,957.00","15,480.00","15,578.00","14,957.00",5.48M,-2.55%
2/3/2023,"15,349.00","15,806.00","15,806.00","15,284.00",4.01M,-2.09%
1/3/2023,"15,676.00","14,827.00","15,676.00","14,696.00",6.84M,5.73%
28/02/2023,"14,827.00","15,088.00","15,284.00","14,794.00",4.13M,-0.22%
27/02/2023,"14,859.00","15,349.00","15,414.00","14,729.00",11.37M,-5.21%
24/02/2023,"15,676.00","16,362.00","16,427.00","15,610.00",5.94M,-4.19%
23/02/2023,"16,362.00","16,002.00","16,362.00","15,382.00",12.51M,3.52%
22/02/2023,"15,806.00","16,851.00","17,047.00","15,806.00",17.02M,-6.92%
21/02/2023,"16,982.00","16,917.00","17,243.00","16,851.00",13.54M,0.58%
20/02/2023,"16,884.00","15,872.00","16,884.00","15,872.00",17.85M,6.82%
17/02/2023,"15,806.00","15,904.00","15,937.00","15,610.00",4.00M,-0.62%
16/02/2023,"15,904.00","15,414.00","15,904.00","15,382.00",5.81M,4.28%
15/02/2023,"15,251.00","14,794.00","15,382.00","14,729.00",4.47M,2.41%
14/02/2023,"14,892.00","14,957.00","15,055.00","14,729.00",2.40M,0.44%
13/02/2023,"14,827.00","15,284.00","15,480.00","14,435.00",6.75M,-4.22%
10/2/2023,"15,480.00","15,545.00","15,904.00","15,349.00",4.61M,-1.45%
9/2/2023,"15,708.00","15,774.00","16,002.00","15,676.00",4.61M,-0.42%
8/2/2023,"15,774.00","15,480.00","15,937.00","14,925.00",4.99M,3.65%
7/2/2023,"15,219.00","15,676.00","15,937.00","15,219.00",6.64M,-2.10%
6/2/2023,"15,545.00","15,414.00","15,610.00","15,219.00",3.85M,0.85%
3/2/2023,"15,414.00","15,414.00","15,676.00","15,153.00",3.48M,0.42%
2/2/2023,"15,349.00","15,414.00","15,676.00","15,088.00",7.66M,0.21%
1/2/2023,"15,317.00","16,427.00","16,525.00","15,317.00",10.75M,-6.94%
31/01/2023,"16,460.00","15,806.00","16,460.00","15,545.00",9.32M,3.70%
30/01/2023,"15,872.00","15,872.00","16,264.00","15,676.00",8.42M,0.00%
27/01/2023,"15,872.00","16,166.00","16,166.00","15,806.00",6.78M,0.00%
19/01/2023,"15,872.00","15,382.00","15,872.00","15,382.00",6.89M,1.89%
18/01/2023,"15,578.00","15,610.00","15,806.00","15,317.00",7.38M,-0.20%
17/01/2023,"15,610.00","15,317.00","15,610.00","15,153.00",7.20M,4.14%
16/01/2023,"14,990.00","14,734.00","15,118.00","14,574.00",5.84M,2.63%
13/01/2023,"14,606.00","14,734.00","15,086.00","14,542.00",8.41M,0.00%
12/1/2023,"14,606.00","14,574.00","14,766.00","14,447.00",4.47M,-0.44%
11/1/2023,"14,670.00","14,511.00","14,990.00","14,415.00",7.20M,2.22%
10/1/2023,"14,351.00","14,287.00","14,479.00","13,775.00",5.73M,0.67%
9/1/2023,"14,255.00","14,383.00","14,606.00","14,191.00",4.54M,0.45%
6/1/2023,"14,191.00","14,223.00","14,766.00","14,191.00",7.66M,-0.45%
5/1/2023,"14,255.00","13,871.00","14,351.00","13,839.00",5.98M,2.53%
4/1/2023,"13,903.00","13,935.00","14,159.00","13,839.00",7.40M,1.63%
3/1/2023,"13,680.00","12,976.00","13,680.00","12,944.00",4.66M,7.00%
30/12/2022,"12,785.00","13,232.00","13,360.00","12,785.00",4.63M,-1.96%
29/12/2022,"13,040.00","13,488.00","13,648.00","13,040.00",5.23M,-4.45%
28/12/2022,"13,648.00","13,743.00","13,903.00","13,360.00",5.31M,1.19%
27/12/2022,"13,488.00","12,657.00","13,488.00","12,593.00",7.56M,6.84%
26/12/2022,"12,625.00","13,743.00","13,775.00","12,625.00",9.37M,-6.84%
23/12/2022,"13,552.00","14,063.00","14,159.00","13,552.00",6.17M,-3.63%
22/12/2022,"14,063.00","14,479.00","14,479.00","13,807.00",5.26M,-0.68%
21/12/2022,"14,159.00","14,255.00","14,255.00","13,168.00",9.24M,1.37%
20/12/2022,"13,967.00","14,319.00","14,511.00","13,488.00",12.91M,-2.68%
19/12/2022,"14,351.00","14,830.00","15,597.00","14,351.00",13.14M,-3.02%
16/12/2022,"14,798.00","14,766.00","15,278.00","14,574.00",8.92M,-1.28%
15/12/2022,"14,990.00","14,223.00","15,022.00","14,223.00",11.84M,3.76%
14/12/2022,"14,447.00","14,702.00","14,830.00","14,319.00",10.41M,1.35%
13/12/2022,"14,255.00","13,424.00","14,255.00","13,104.00",10.83M,6.96%
12/12/2022,"13,328.00","14,191.00","14,830.00","13,328.00",11.26M,-5.87%
9/12/2022,"14,159.00","14,479.00","14,542.00","13,935.00",7.11M,-1.99%
8/12/2022,"14,447.00","13,871.00","14,447.00","13,743.00",11.03M,6.86%
7/12/2022,"13,520.00","13,807.00","14,063.00","13,360.00",11.93M,-2.98%
6/12/2022,"13,935.00","14,574.00","14,894.00","13,935.00",19.62M,-6.84%
5/12/2022,"14,958.00","15,022.00","15,182.00","14,447.00",13.85M,0.03%
2/12/2022,"14,954.00","13,953.00","14,954.00","13,786.00",13.92M,6.92%
1/12/2022,"13,986.00","15,021.00","15,021.00","13,819.00",17.41M,-4.56%
30/11/2022,"14,654.00","14,019.00","14,987.00","13,886.00",11.08M,2.33%
29/11/2022,"14,320.00","14,186.00","14,720.00","13,552.00",19.63M,0.94%
28/11/2022,"14,186.00","13,719.00","14,286.00","13,586.00",14.98M,5.98%
25/11/2022,"13,385.00","12,918.00","13,385.00","12,551.00",10.43M,6.93%
24/11/2022,"12,517.00","11,716.00","12,517.00","11,549.00",9.82M,5.93%
23/11/2022,"11,816.00","12,517.00","12,751.00","11,816.00",7.18M,-6.84%
22/11/2022,"12,684.00","12,250.00","13,185.00","12,117.00",13.79M,2.70%
21/11/2022,"12,350.00","12,484.00","12,718.00","12,217.00",7.35M,0.00%
18/11/2022,"12,350.00","11,549.00","12,551.00","11,149.00",12.70M,5.11%
17/11/2022,"11,750.00","11,416.00","11,750.00","11,349.00",10.04M,6.99%
16/11/2022,"10,982.00","9,580.00","10,982.00","9,580.00",14.39M,6.82%
15/11/2022,"10,281.00","10,782.00","11,082.00","10,281.00",10.50M,-6.95%
14/11/2022,"11,049.00","11,382.00","11,683.00","10,982.00",12.85M,-6.23%
11/11/2022,"11,783.00","13,018.00","13,285.00","11,783.00",13.32M,-6.86%
10/11/2022,"12,651.00","13,252.00","13,352.00","12,651.00",8.52M,-6.88%
9/11/2022,"13,586.00","13,652.00","13,953.00","13,218.00",8.97M,1.00%
8/11/2022,"13,452.00","12,484.00","13,552.00","12,451.00",8.16M,4.40%
7/11/2022,"12,885.00","13,686.00","14,086.00","12,885.00",12.30M,-6.76%
4/11/2022,"13,819.00","13,886.00","14,286.00","13,152.00",13.03M,-1.90%
3/11/2022,"14,086.00","13,686.00","14,620.00","13,619.00",12.10M,0.95%
2/11/2022,"13,953.00","13,886.00","14,153.00","13,719.00",6.28M,0.48%
1/11/2022,"13,886.00","14,086.00","14,220.00","13,786.00",7.96M,1.46%
31/10/2022,"13,686.00","12,851.00","13,686.00","12,718.00",14.12M,6.77%
28/10/2022,"12,818.00","12,918.00","13,152.00","12,784.00",7.30M,1.86%
27/10/2022,"12,584.00","12,150.00","12,584.00","11,816.00",6.18M,6.80%
26/10/2022,"11,783.00","12,250.00","12,317.00","11,583.00",2.52M,-1.67%
25/10/2022,"11,983.00","11,616.00","12,350.00","10,815.00",8.33M,3.76%
24/10/2022,"11,549.00","12,451.00","12,651.00","11,549.00",8.10M,-6.99%
21/10/2022,"12,417.00","13,385.00","13,485.00","12,417.00",8.47M,-7.00%
20/10/2022,"13,352.00","13,686.00","13,786.00","13,352.00",3.62M,-2.68%
19/10/2022,"13,719.00","13,886.00","14,019.00","13,686.00",2.82M,-0.24%
18/10/2022,"13,752.00","14,220.00","14,387.00","13,686.00",4.95M,-1.44%
17/10/2022,"13,953.00","13,352.00","13,953.00","13,185.00",5.20M,3.21%
14/10/2022,"13,519.00","13,519.00","13,853.00","13,385.00",5.85M,3.32%
13/10/2022,"13,085.00","12,951.00","13,185.00","12,784.00",3.09M,1.55%
12/10/2022,"12,885.00","12,451.00","13,318.00","12,451.00",5.27M,3.49%
11/10/2022,"12,451.00","13,385.00","13,385.00","12,451.00",7.48M,-6.98%
10/10/2022,"13,385.00","12,684.00","13,686.00","12,684.00",5.76M,3.88%
7/10/2022,"12,885.00","13,118.00","13,485.00","12,885.00",10.06M,-6.99%
6/10/2022,"13,853.00","14,887.00","14,887.00","13,853.00",8.66M,-6.95%
5/10/2022,"14,887.00","14,220.00","15,121.00","14,220.00",5.53M,4.69%
4/10/2022,"14,220.00","15,421.00","15,488.00","14,186.00",10.02M,-6.58%
3/10/2022,"15,221.00","16,223.00","16,223.00","15,221.00",7.26M,-6.94%
30/09/2022,"16,356.00","16,389.00","16,623.00","15,255.00",17.82M,-0.20%
29/09/2022,"16,389.00","17,858.00","17,858.00","16,389.00",8.52M,-6.30%
28/09/2022,"17,491.00","17,291.00","17,958.00","17,157.00",16.13M,1.16%
27/09/2022,"17,291.00","17,224.00","17,758.00","17,024.00",7.24M,0.39%
26/09/2022,"17,224.00","17,357.00","17,591.00","16,456.00",12.19M,-2.64%
23/09/2022,"17,691.00","18,058.00","18,225.00","17,691.00",10.26M,-2.58%
22/09/2022,"18,159.00","17,090.00","18,159.00","17,024.00",14.24M,5.23%
21/09/2022,"17,257.00","16,757.00","17,458.00","16,757.00",5.11M,1.57%
20/09/2022,"16,990.00","16,823.00","17,191.00","16,356.00",8.85M,2.41%
19/09/2022,"16,590.00","17,558.00","17,624.00","16,523.00",10.88M,-5.51%
16/09/2022,"17,558.00","17,891.00","18,159.00","17,491.00",10.87M,-2.23%
15/09/2022,"17,958.00","18,225.00","18,292.00","17,891.00",7.36M,-1.11%
14/09/2022,"18,159.00","16,890.00","18,159.00","16,723.00",16.66M,5.84%
13/09/2022,"17,157.00","16,757.00","17,157.00","16,423.00",5.99M,2.39%
12/9/2022,"16,757.00","17,191.00","17,191.00","16,757.00",4.03M,-1.18%
9/9/2022,"16,957.00","16,656.00","16,957.00","15,889.00",6.85M,2.63%
8/9/2022,"16,523.00","16,757.00","16,890.00","16,356.00",7.43M,0.61%
7/9/2022,"16,423.00","17,491.00","17,825.00","16,389.00",10.54M,-6.46%
6/9/2022,"17,558.00","17,791.00","17,958.00","17,558.00",6.37M,-0.57%
5/9/2022,"17,658.00","17,291.00","17,825.00","17,291.00",8.07M,1.34%
31/08/2022,"17,424.00","17,157.00","17,758.00","17,157.00",8.22M,0.00%
30/08/2022,"17,424.00","18,025.00","18,092.00","17,357.00",9.94M,-2.61%
29/08/2022,"17,891.00","17,825.00","18,025.00","17,157.00",19.32M,-2.55%
26/08/2022,"18,359.00","18,926.00","18,926.00","18,225.00",12.17M,-3.00%
25/08/2022,"18,926.00","18,893.00","19,227.00","18,860.00",8.78M,0.35%
24/08/2022,"18,860.00","19,026.00","19,193.00","18,793.00",7.85M,-0.87%
23/08/2022,"19,026.00","18,159.00","19,026.00","18,025.00",16.48M,2.89%
22/08/2022,"18,492.00","18,693.00","18,826.00","18,292.00",11.07M,-1.60%
19/08/2022,"18,793.00","18,893.00","18,960.00","18,592.00",10.69M,-0.53%
18/08/2022,"18,893.00","18,025.00","19,026.00","18,025.00",23.83M,4.82%
17/08/2022,"18,025.00","18,025.00","18,526.00","17,858.00",15.70M,0.75%
16/08/2022,"17,891.00","18,025.00","18,159.00","17,891.00",8.61M,-1.11%
15/08/2022,"18,092.00","18,359.00","18,459.00","17,958.00",9.62M,-0.73%
12/8/2022,"18,225.00","17,891.00","18,325.00","17,758.00",7.47M,1.67%
11/8/2022,"17,925.00","18,626.00","18,659.00","17,725.00",13.63M,-1.65%
10/8/2022,"18,225.00","17,925.00","18,492.00","17,825.00",12.33M,1.11%
9/8/2022,"18,025.00","18,159.00","18,392.00","17,891.00",14.78M,-1.10%
8/8/2022,"18,225.00","18,426.00","18,526.00","18,159.00",11.26M,-1.44%
5/8/2022,"18,492.00","18,225.00","18,826.00","18,159.00",13.05M,0.91%
4/8/2022,"18,325.00","18,025.00","18,526.00","17,925.00",14.20M,2.43%
3/8/2022,"17,891.00","17,725.00","18,025.00","17,524.00",9.93M,0.56%
2/8/2022,"17,791.00","17,958.00","18,325.00","17,558.00",12.63M,-1.48%
1/8/2022,"18,058.00","17,491.00","18,325.00","17,391.00",14.48M,3.64%
29/07/2022,"17,424.00","17,558.00","17,858.00","17,157.00",9.69M,0.39%
28/07/2022,"17,357.00","17,658.00","17,992.00","17,324.00",15.13M,1.17%
27/07/2022,"17,157.00","16,723.00","17,391.00","16,723.00",8.57M,1.58%
26/07/2022,"16,890.00","17,124.00","17,324.00","16,857.00",5.77M,-1.75%
25/07/2022,"17,191.00","16,223.00","17,491.00","16,022.00",14.32M,4.47%
22/07/2022,"16,456.00","16,690.00","17,024.00","16,456.00",8.89M,-2.57%
21/07/2022,"16,890.00","17,090.00","17,324.00","16,823.00",8.85M,-2.69%
20/07/2022,"17,357.00","17,090.00","17,825.00","16,957.00",14.42M,4.00%
19/07/2022,"16,690.00","16,223.00","17,024.00","16,089.00",12.30M,1.63%
18/07/2022,"16,423.00","16,289.00","16,790.00","16,089.00",13.03M,1.65%
15/07/2022,"16,156.00","16,790.00","16,823.00","16,156.00",9.82M,-2.22%
14/07/2022,"16,523.00","15,355.00","16,523.00","15,355.00",14.82M,6.91%
13/07/2022,"15,455.00","15,722.00","16,156.00","15,455.00",8.04M,-1.49%
12/7/2022,"15,688.00","15,288.00","15,889.00","14,887.00",6.24M,3.75%
11/7/2022,"15,121.00","15,889.00","16,156.00","15,088.00",12.83M,-6.79%
8/7/2022,"16,223.00","15,855.00","16,356.00","15,588.00",9.59M,3.85%
7/7/2022,"15,622.00","15,321.00","15,955.00","15,188.00",6.76M,3.09%
6/7/2022,"15,154.00","15,054.00","16,089.00","14,887.00",11.29M,-1.52%
5/7/2022,"15,388.00","15,355.00","15,855.00","15,188.00",8.62M,-0.21%
4/7/2022,"15,421.00","15,121.00","15,421.00","14,854.00",8.96M,6.94%
1/7/2022,"14,420.00","13,586.00","14,420.00","13,385.00",7.95M,6.93%
30/06/2022,"13,485.00","14,353.00","14,620.00","13,485.00",7.66M,-6.70%
29/06/2022,"14,453.00","14,019.00","14,787.00","14,019.00",7.44M,1.88%
28/06/2022,"14,186.00","14,286.00","14,587.00","14,019.00",6.83M,0.00%
27/06/2022,"14,186.00","13,452.00","14,186.00","13,352.00",8.19M,6.78%
24/06/2022,"13,285.00","13,018.00","13,652.00","13,018.00",5.91M,-1.00%
23/06/2022,"13,419.00","12,584.00","13,419.00","12,417.00",7.84M,6.07%
22/06/2022,"12,651.00","12,551.00","12,651.00","12,417.00",3.09M,6.76%
21/06/2022,"11,850.00","11,216.00","11,850.00","11,015.00",8.23M,6.93%
20/06/2022,"11,082.00","12,083.00","12,250.00","11,082.00",5.71M,-6.74%
17/06/2022,"11,883.00","11,816.00","12,250.00","11,616.00",5.40M,-3.78%
16/06/2022,"12,350.00","12,784.00","12,818.00","12,083.00",4.43M,0.27%
15/06/2022,"12,317.00","13,218.00","13,552.00","12,317.00",8.16M,-6.82%
14/06/2022,"13,218.00","13,485.00","13,986.00","13,152.00",4.21M,-5.49%
13/06/2022,"13,986.00","14,220.00","14,554.00","13,986.00",6.79M,-6.89%
10/6/2022,"15,021.00","15,455.00","15,688.00","15,021.00",4.24M,-4.25%
9/6/2022,"15,688.00","15,855.00","15,955.00","15,688.00",2.61M,-0.64%
8/6/2022,"15,789.00","15,355.00","15,889.00","15,255.00",5.07M,3.73%
7/6/2022,"15,221.00","15,388.00","15,522.00","14,554.00",5.38M,-1.94%
6/6/2022,"15,522.00","15,588.00","16,022.00","15,455.00",3.11M,-1.27%
3/6/2022,"15,722.00","15,488.00","15,855.00","15,255.00",4.72M,1.07%
2/6/2022,"15,555.00","15,989.00","16,323.00","15,555.00",6.82M,-2.30%
1/6/2022,"15,922.00","15,889.00","16,156.00","15,555.00",4.22M,0.42%
31/05/2022,"15,855.00","16,022.00","16,223.00","15,755.00",6.10M,-1.86%
30/05/2022,"16,156.00","16,289.00","16,590.00","16,089.00",4.81M,0.00%
27/05/2022,"16,156.00","16,323.00","16,623.00","15,989.00",6.09M,-1.02%
26/05/2022,"16,323.00","16,022.00","16,790.00","15,955.00",8.84M,1.88%
25/05/2022,"16,022.00","15,355.00","16,122.00","15,355.00",6.15M,5.26%
24/05/2022,"15,221.00","14,353.00","15,221.00","14,019.00",7.09M,6.05%
23/05/2022,"14,353.00","15,455.00","15,555.00","14,353.00",6.99M,-6.93%
20/05/2022,"15,421.00","15,688.00","16,189.00","15,355.00",6.37M,-1.07%
19/05/2022,"15,588.00","14,887.00","15,755.00","14,687.00",9.04M,1.96%
18/05/2022,"15,288.00","15,355.00","15,955.00","15,088.00",9.37M,1.33%
17/05/2022,"15,088.00","14,019.00","15,088.00","13,886.00",6.13M,6.86%
16/05/2022,"14,120.00","14,120.00","14,120.00","13,786.00",7.13M,6.82%
13/05/2022,"13,218.00","14,153.00","14,353.00","13,218.00",9.77M,-6.39%
12/5/2022,"14,120.00","14,854.00","15,088.00","14,120.00",5.34M,-6.82%
11/5/2022,"15,154.00","15,221.00","15,355.00","14,821.00",2.23M,-0.44%
10/5/2022,"15,221.00","14,487.00","15,321.00","13,886.00",6.68M,5.07%
9/5/2022,"14,487.00","15,021.00","15,421.00","14,487.00",7.61M,-6.87%
6/5/2022,"15,555.00","16,156.00","16,556.00","15,555.00",6.75M,-6.98%
5/5/2022,"16,723.00","17,424.00","17,591.00","16,389.00",3.04M,-2.53%
4/5/2022,"17,157.00","17,825.00","17,925.00","17,157.00",2.93M,-3.20%
29/04/2022,"17,725.00","17,558.00","18,159.00","17,458.00",3.50M,-0.19%
28/04/2022,"17,758.00","18,025.00","18,325.00","17,758.00",3.31M,-1.30%
27/04/2022,"17,992.00","17,691.00","18,192.00","17,624.00",2.26M,0.19%
26/04/2022,"17,958.00","16,556.00","17,958.00","16,056.00",4.98M,5.08%
25/04/2022,"17,090.00","18,359.00","18,626.00","17,090.00",4.19M,-6.91%
22/04/2022,"18,359.00","18,826.00","19,193.00","17,725.00",3.46M,-2.13%
21/04/2022,"18,759.00","17,992.00","19,227.00","17,491.00",7.43M,3.30%
20/04/2022,"18,159.00","17,758.00","18,626.00","17,758.00",6.97M,2.26%
19/04/2022,"17,758.00","19,727.00","19,727.00","17,758.00",6.72M,-6.99%
18/04/2022,"19,093.00","20,362.00","20,362.00","19,093.00",9.49M,-6.23%
15/04/2022,"20,362.00","21,363.00","21,563.00","20,362.00",4.52M,-4.69%
14/04/2022,"21,363.00","21,964.00","21,964.00","21,363.00",3.18M,-1.54%
13/04/2022,"21,697.00","21,563.00","21,930.00","21,029.00",6.93M,0.62%
12/4/2022,"21,563.00","23,332.00","23,332.00","21,563.00",7.55M,-6.38%
8/4/2022,"23,032.00","23,299.00","23,499.00","22,965.00",3.97M,-0.86%
7/4/2022,"23,232.00","23,633.00","23,666.00","23,199.00",5.35M,-1.28%
6/4/2022,"23,533.00","23,399.00","23,833.00","23,366.00",7.65M,-0.14%
5/4/2022,"23,566.00","24,033.00","24,401.00","23,566.00",5.41M,-1.94%
4/4/2022,"24,033.00","23,499.00","24,367.00","23,399.00",6.91M,4.50%
1/4/2022,"22,999.00","22,765.00","23,032.00","22,665.00",3.42M,1.03%
31/03/2022,"22,765.00","23,032.00","23,199.00","22,765.00",2.61M,-0.58%
30/03/2022,"22,898.00","22,898.00","23,433.00","22,765.00",4.16M,-0.58%
29/03/2022,"23,032.00","22,932.00","23,165.00","22,898.00",3.59M,1.47%
28/03/2022,"22,698.00","23,232.00","23,466.00","22,631.00",7.46M,-3.41%
25/03/2022,"23,499.00","23,766.00","23,900.00","23,499.00",3.47M,-1.12%
24/03/2022,"23,766.00","24,133.00","24,133.00","23,766.00",4.64M,-1.52%
23/03/2022,"24,133.00","24,000.00","24,267.00","24,000.00",4.21M,0.69%
22/03/2022,"23,967.00","23,933.00","24,133.00","23,800.00",3.36M,-31.02%
21/03/2022,"34,747.00","34,649.00","34,845.00","34,502.00",2.55M,0.57%
18/03/2022,"34,551.00","34,845.00","34,845.00","34,551.00",2.45M,-0.28%
17/03/2022,"34,649.00","34,600.00","34,894.00","34,551.00",1.86M,1.14%
16/03/2022,"34,258.00","34,356.00","34,600.00","34,209.00",1.97M,0.58%
15/03/2022,"34,062.00","34,062.00","34,600.00","34,013.00",3.17M,0.00%
14/03/2022,"34,062.00","35,432.00","35,432.00","34,062.00",6.30M,-3.87%
11/3/2022,"35,432.00","36,313.00","36,705.00","35,383.00",5.51M,-2.95%
10/3/2022,"36,509.00","37,096.00","37,145.00","36,460.00",2.78M,0.54%
9/3/2022,"36,313.00","36,998.00","37,292.00","36,068.00",5.37M,-1.59%
8/3/2022,"36,900.00","36,607.00","37,879.00","36,607.00",5.86M,-0.53%
7/3/2022,"37,096.00","36,803.00","37,292.00","36,656.00",4.33M,-0.39%
4/3/2022,"37,243.00","37,145.00","38,026.00","37,096.00",6.99M,1.33%
3/3/2022,"36,754.00","36,803.00","36,998.00","36,264.00",3.84M,1.21%
2/3/2022,"36,313.00","37,194.00","37,341.00","36,313.00",5.23M,-2.11%
1/3/2022,"37,096.00","36,949.00","37,341.00","36,852.00",3.46M,0.66%
28/02/2022,"36,852.00","37,194.00","37,586.00","36,705.00",3.69M,-0.39%
25/02/2022,"36,998.00","36,998.00","37,586.00","36,509.00",5.55M,1.75%
24/02/2022,"36,362.00","37,194.00","37,879.00","35,726.00",6.91M,-2.49%
23/02/2022,"37,292.00","37,292.00","37,683.00","37,194.00",3.43M,0.53%
22/02/2022,"37,096.00","37,194.00","37,586.00","36,264.00",4.22M,-1.56%
21/02/2022,"37,683.00","37,145.00","38,173.00","37,096.00",5.03M,1.85%
18/02/2022,"36,998.00","36,068.00","36,998.00","35,922.00",4.61M,1.89%
17/02/2022,"36,313.00","36,705.00","36,705.00","36,264.00",2.02M,-0.54%
16/02/2022,"36,509.00","36,313.00","36,852.00","36,068.00",2.46M,1.22%
15/02/2022,"36,068.00","36,166.00","36,607.00","35,579.00",2.85M,-0.27%
14/02/2022,"36,166.00","36,607.00","36,998.00","36,166.00",5.81M,-4.03%
11/2/2022,"37,683.00","37,194.00","38,075.00","37,194.00",1.45M,0.52%
10/2/2022,"37,488.00","38,075.00","38,075.00","37,341.00",1.11M,-0.65%
9/2/2022,"37,732.00","37,879.00","38,369.00","37,683.00",1.75M,-0.39%
8/2/2022,"37,879.00","37,390.00","38,124.00","37,194.00",1.57M,0.52%
7/2/2022,"37,683.00","37,194.00","38,369.00","36,803.00",2.29M,3.63%
28/01/2022,"36,362.00","35,628.00","36,998.00","35,383.00",1.63M,3.20%
27/01/2022,"35,236.00","34,356.00","35,775.00","34,356.00",1.97M,2.85%
26/01/2022,"34,258.00","35,726.00","35,726.00","34,258.00",1.85M,-3.05%
25/01/2022,"35,334.00","34,698.00","35,628.00","34,551.00",1.74M,1.83%
24/01/2022,"34,698.00","36,656.00","36,998.00","34,698.00",4.06M,-6.96%
21/01/2022,"37,292.00","38,173.00","38,369.00","37,096.00",2.46M,-2.81%
20/01/2022,"38,369.00","38,369.00","38,662.00","37,390.00",1.81M,0.51%
19/01/2022,"38,173.00","36,998.00","38,173.00","36,705.00",2.43M,5.69%
18/01/2022,"36,117.00","36,509.00","37,586.00","35,824.00",3.06M,-4.90%
17/01/2022,"37,977.00","40,913.00","41,060.00","37,977.00",7.91M,-6.96%
14/01/2022,"40,816.00","40,620.00","41,599.00","40,326.00",2.04M,-0.24%
13/01/2022,"40,913.00","42,088.00","42,333.00","40,865.00",2.47M,-1.99%
12/1/2022,"41,745.00","40,816.00","42,284.00","40,228.00",3.85M,2.28%
11/1/2022,"40,816.00","42,577.00","42,969.00","40,375.00",5.29M,-4.03%
10/1/2022,"42,528.00","43,899.00","44,046.00","42,480.00",4.96M,-3.12%
7/1/2022,"43,899.00","44,046.00","44,927.00","43,850.00",3.08M,-0.33%
6/1/2022,"44,046.00","44,633.00","44,927.00","44,046.00",3.27M,-1.75%
5/1/2022,"44,829.00","45,024.00","45,807.00","44,780.00",4.36M,-0.11%
4/1/2022,"44,878.00","44,731.00","45,563.00","44,535.00",3.66M,0.77%
31/12/2021,"44,535.00","45,465.00","45,612.00","44,486.00",2.74M,-0.98%
30/12/2021,"44,975.00","43,458.00","45,024.00","43,360.00",3.40M,4.43%
29/12/2021,"43,067.00","42,528.00","43,654.00","42,333.00",2.74M,1.50%
28/12/2021,"42,431.00","43,165.00","43,360.00","42,431.00",3.18M,-1.25%
27/12/2021,"42,969.00","43,850.00","43,948.00","42,969.00",1.93M,-0.23%
24/12/2021,"43,067.00","42,724.00","43,556.00","42,480.00",2.72M,1.38%
23/12/2021,"42,480.00","43,654.00","43,752.00","41,305.00",5.54M,-3.56%
22/12/2021,"44,046.00","45,514.00","45,514.00","44,046.00",4.99M,-1.75%
21/12/2021,"44,829.00","45,807.00","46,395.00","44,829.00",3.64M,-2.55%
20/12/2021,"46,003.00","45,220.00","46,786.00","44,829.00",6.54M,1.84%
17/12/2021,"45,171.00","43,067.00","45,318.00","42,822.00",5.96M,6.09%
16/12/2021,"42,577.00","43,458.00","43,556.00","42,480.00",3.52M,-1.59%
15/12/2021,"43,263.00","43,948.00","44,437.00","43,263.00",2.73M,-2.00%
14/12/2021,"44,144.00","44,046.00","44,878.00","43,654.00",4.29M,0.90%
13/12/2021,"43,752.00","43,067.00","43,752.00","42,724.00",3.46M,2.06%
10/12/2021,"42,871.00","43,752.00","43,801.00","42,822.00",3.68M,-1.57%
9/12/2021,"43,556.00","42,675.00","43,556.00","42,480.00",3.15M,1.14%
8/12/2021,"43,067.00","43,850.00","43,850.00","42,577.00",2.80M,0.11%
7/12/2021,"43,018.00","42,480.00","43,214.00","41,256.00",4.26M,4.15%
6/12/2021,"41,305.00","43,067.00","43,850.00","40,179.00",5.99M,-4.09%
3/12/2021,"43,067.00","46,164.00","46,357.00","43,067.00",10.04M,-6.71%
2/12/2021,"46,164.00","46,696.00","47,035.00","46,164.00",4.52M,-1.14%
1/12/2021,"46,696.00","47,228.00","47,519.00","45,970.00",6.35M,-1.53%
30/11/2021,"47,422.00","48,390.00","49,067.00","47,228.00",6.86M,-0.41%
29/11/2021,"47,615.00","46,454.00","48,003.00","46,454.00",8.83M,1.02%
26/11/2021,"47,132.00","46,067.00","48,680.00","46,067.00",10.69M,2.10%
25/11/2021,"46,164.00","46,067.00","47,180.00","45,341.00",6.96M,0.85%
24/11/2021,"45,777.00","45,970.00","46,793.00","45,390.00",6.46M,1.72%
23/11/2021,"45,002.00","43,551.00","45,002.00","42,776.00",6.41M,3.33%
22/11/2021,"43,551.00","44,664.00","45,486.00","43,551.00",6.10M,-3.43%
19/11/2021,"45,099.00","46,938.00","46,938.00","43,357.00",6.53M,-3.12%
18/11/2021,"46,551.00","44,712.00","46,890.00","44,422.00",8.31M,6.18%
17/11/2021,"43,841.00","43,551.00","45,002.00","43,551.00",5.29M,0.67%
16/11/2021,"43,551.00","43,551.00","44,567.00","43,260.00",4.91M,-1.31%
15/11/2021,"44,131.00","43,841.00","44,760.00","43,696.00",5.57M,3.05%
12/11/2021,"42,825.00","42,099.00","42,873.00","41,809.00",4.01M,0.91%
11/11/2021,"42,438.00","42,776.00","43,309.00","41,131.00",6.08M,-0.34%
10/11/2021,"42,583.00","42,389.00","43,260.00","42,051.00",4.64M,1.27%
9/11/2021,"42,051.00","42,776.00","42,825.00","41,615.00",4.48M,-1.25%
8/11/2021,"42,583.00","41,034.00","42,970.00","40,938.00",7.39M,4.51%
5/11/2021,"40,744.00","41,034.00","41,034.00","40,502.00",4.66M,0.60%
4/11/2021,"40,502.00","38,615.00","40,938.00","38,567.00",7.66M,5.28%
3/11/2021,"38,470.00","39,292.00","39,583.00","38,228.00",4.94M,-1.36%
2/11/2021,"39,002.00","38,228.00","39,099.00","38,228.00",4.35M,2.02%
1/11/2021,"38,228.00","37,260.00","38,421.00","37,067.00",5.86M,3.40%
29/10/2021,"36,970.00","37,744.00","37,744.00","36,776.00",3.25M,-1.29%
28/10/2021,"37,454.00","37,067.00","37,841.00","37,067.00",3.47M,1.44%
27/10/2021,"36,921.00","35,760.00","36,970.00","35,760.00",2.85M,3.39%
26/10/2021,"35,712.00","35,324.00","36,292.00","34,502.00",2.07M,1.10%
25/10/2021,"35,324.00","36,292.00","36,341.00","35,324.00",3.49M,-2.67%
22/10/2021,"36,292.00","36,921.00","36,921.00","36,292.00",3.24M,-1.45%
21/10/2021,"36,825.00","37,550.00","37,696.00","36,728.00",2.78M,-1.55%
20/10/2021,"37,405.00","37,744.00","37,792.00","36,970.00",2.49M,-0.77%
19/10/2021,"37,696.00","37,647.00","38,131.00","37,308.00",3.02M,0.78%
18/10/2021,"37,405.00","37,163.00","37,792.00","36,825.00",3.85M,1.58%
15/10/2021,"36,825.00","37,163.00","37,260.00","36,776.00",2.05M,-0.26%
14/10/2021,"36,921.00","36,776.00","37,260.00","36,728.00",2.92M,0.66%
13/10/2021,"36,679.00","37,260.00","37,550.00","36,679.00",3.26M,-1.56%
12/10/2021,"37,260.00","38,034.00","38,083.00","37,260.00",2.91M,-1.28%
11/10/2021,"37,744.00","36,776.00","37,889.00","36,776.00",4.70M,5.03%
8/10/2021,"35,937.00","36,233.00","36,749.00","35,827.00",13.22M,-0.61%
7/10/2021,"36,159.00","36,528.00","36,897.00","36,159.00",7.03M,-1.01%
6/10/2021,"36,528.00","37,266.00","37,339.00","36,528.00",4.46M,-1.39%
5/10/2021,"37,044.00","36,085.00","37,487.00","36,011.00",5.21M,3.93%
4/10/2021,"35,642.00","37,044.00","37,192.00","35,642.00",7.47M,-4.36%
1/10/2021,"37,266.00","38,151.00","38,815.00","37,266.00",6.94M,-2.88%
30/09/2021,"38,373.00","38,889.00","39,258.00","38,373.00",3.57M,-1.14%
29/09/2021,"38,815.00","39,775.00","39,848.00","38,742.00",3.83M,-2.23%
28/09/2021,"39,701.00","38,077.00","39,701.00","37,635.00",5.03M,4.06%
27/09/2021,"38,151.00","40,365.00","40,513.00","38,004.00",5.27M,-5.14%
24/09/2021,"40,217.00","40,660.00","41,177.00","40,217.00",5.94M,-1.09%
23/09/2021,"40,660.00","40,217.00","41,103.00","39,479.00",11.90M,3.77%
22/09/2021,"39,184.00","39,406.00","39,553.00","38,889.00",3.50M,0.38%
21/09/2021,"39,037.00","39,332.00","39,848.00","38,668.00",4.84M,-2.22%
20/09/2021,"39,922.00","40,144.00","40,513.00","39,332.00",6.91M,0.74%
17/09/2021,"39,627.00","38,963.00","39,922.00","38,668.00",5.52M,2.87%
16/09/2021,"38,520.00","39,111.00","39,332.00","38,520.00",3.26M,-1.69%
15/09/2021,"39,184.00","37,856.00","39,479.00","37,782.00",3.82M,3.10%
14/09/2021,"38,004.00","39,258.00","39,627.00","38,004.00",7.13M,-3.38%
13/09/2021,"39,332.00","40,586.00","40,660.00","38,963.00",11.74M,-3.44%
10/9/2021,"40,734.00","41,103.00","41,546.00","40,586.00",3.58M,-0.54%
9/9/2021,"40,955.00","40,586.00","41,177.00","40,513.00",4.68M,0.54%
8/9/2021,"40,734.00","41,988.00","42,284.00","40,217.00",7.73M,-1.95%
7/9/2021,"41,546.00","41,324.00","42,357.00","41,251.00",8.17M,1.26%
6/9/2021,"41,029.00","41,029.00","41,177.00","40,291.00",6.22M,1.27%
1/9/2021,"40,513.00","40,144.00","40,955.00","39,775.00",7.17M,0.55%
31/08/2021,"40,291.00","40,955.00","41,177.00","40,291.00",6.82M,-1.62%
30/08/2021,"40,955.00","39,775.00","40,955.00","39,111.00",6.79M,3.74%
27/08/2021,"39,479.00","38,151.00","39,479.00","37,561.00",8.62M,2.29%
26/08/2021,"38,594.00","39,996.00","40,217.00","38,225.00",8.02M,-3.51%
25/08/2021,"39,996.00","39,258.00","40,070.00","38,594.00",6.15M,1.88%
24/08/2021,"39,258.00","42,210.00","42,431.00","39,258.00",13.89M,-6.83%
23/08/2021,"42,136.00","42,062.00","42,948.00","41,472.00",9.80M,0.18%
20/08/2021,"42,062.00","41,546.00","42,800.00","40,660.00",17.57M,1.06%
19/08/2021,"41,619.00","41,251.00","41,915.00","40,586.00",5.54M,0.89%
18/08/2021,"41,251.00","40,365.00","41,988.00","40,070.00",8.92M,1.64%
17/08/2021,"40,586.00","40,882.00","41,177.00","40,217.00",7.22M,-1.26%
16/08/2021,"41,103.00","39,922.00","41,398.00","39,848.00",9.84M,5.29%
13/08/2021,"39,037.00","37,635.00","39,037.00","37,561.00",12.58M,4.13%
12/8/2021,"37,487.00","37,413.00","38,373.00","37,192.00",7.45M,-0.39%
11/8/2021,"37,635.00","38,151.00","39,037.00","37,635.00",7.72M,-1.35%
10/8/2021,"38,151.00","38,742.00","38,742.00","37,782.00",7.21M,-0.19%
9/8/2021,"38,225.00","36,159.00","38,446.00","36,085.00",11.98M,5.07%
6/8/2021,"36,380.00","37,192.00","37,339.00","36,380.00",8.72M,-2.38%
5/8/2021,"37,266.00","36,528.00","37,339.00","36,233.00",7.88M,1.41%
4/8/2021,"36,749.00","36,897.00","37,339.00","36,417.00",9.18M,0.61%
3/8/2021,"36,528.00","35,495.00","36,528.00","35,052.00",9.58M,2.91%
2/8/2021,"35,495.00","35,273.00","35,937.00","34,867.00",8.33M,0.52%
30/07/2021,"35,310.00","34,830.00","35,790.00","34,683.00",10.16M,1.92%
29/07/2021,"34,646.00","34,314.00","34,646.00","34,093.00",4.27M,2.29%
28/07/2021,"33,871.00","33,724.00","34,314.00","33,576.00",2.90M,-0.11%
27/07/2021,"33,908.00","33,355.00","34,535.00","32,949.00",8.75M,2.80%
26/07/2021,"32,986.00","33,244.00","33,650.00","32,469.00",5.46M,-1.22%
23/07/2021,"33,392.00","34,240.00","34,462.00","33,392.00",5.41M,-3.00%
22/07/2021,"34,425.00","33,945.00","34,904.00","33,760.00",4.61M,1.19%
21/07/2021,"34,019.00","35,052.00","35,458.00","33,945.00",5.41M,-2.95%
20/07/2021,"35,052.00","33,059.00","35,126.00","32,395.00",7.59M,6.74%
19/07/2021,"32,838.00","33,945.00","34,535.00","32,838.00",9.22M,-6.90%
16/07/2021,"35,273.00","35,568.00","35,937.00","35,199.00",5.74M,-0.83%
15/07/2021,"35,568.00","33,576.00","35,568.00","33,576.00",5.78M,4.55%
14/07/2021,"34,019.00","35,052.00","35,605.00","33,207.00",5.73M,-2.95%
13/07/2021,"35,052.00","33,871.00","35,052.00","33,133.00",7.08M,6.14%
12/7/2021,"33,023.00","34,314.00","34,978.00","33,023.00",11.69M,-6.96%
9/7/2021,"35,495.00","36,528.00","37,708.00","35,273.00",9.58M,-4.94%
8/7/2021,"37,339.00","37,635.00","38,742.00","36,971.00",6.56M,-0.79%
7/7/2021,"37,635.00","36,749.00","37,782.00","34,683.00",12.10M,3.24%
6/7/2021,"36,454.00","39,111.00","40,439.00","36,454.00",10.19M,-6.97%
5/7/2021,"39,184.00","39,627.00","40,217.00","38,299.00",9.02M,-2.57%
2/7/2021,"40,217.00","40,217.00","41,693.00","39,479.00",8.25M,0.93%
1/7/2021,"39,848.00","38,594.00","39,996.00","38,151.00",8.08M,5.68%
30/06/2021,"37,708.00","36,971.00","38,004.00","36,971.00",7.40M,1.39%
29/06/2021,"37,192.00","36,159.00","37,635.00","35,974.00",6.71M,2.86%
28/06/2021,"36,159.00","36,823.00","36,823.00","35,790.00",6.59M,1.35%
25/06/2021,"35,679.00","33,576.00","35,679.00","33,281.00",12.51M,6.97%
24/06/2021,"33,355.00","34,314.00","34,314.00","32,986.00",6.09M,-1.95%
23/06/2021,"34,019.00","32,949.00","34,646.00","32,949.00",8.09M,3.60%
22/06/2021,"32,838.00","32,469.00","33,133.00","32,174.00",6.94M,1.60%
21/06/2021,"32,322.00","32,469.00","33,502.00","32,100.00",5.75M,-1.79%
18/06/2021,"32,912.00","33,207.00","33,428.00","32,543.00",5.66M,0.34%
17/06/2021,"32,801.00","31,805.00","33,059.00","31,805.00",8.87M,-0.11%
16/06/2021,"32,838.00","32,469.00","33,576.00","31,805.00",9.59M,-0.89%
15/06/2021,"33,133.00","31,657.00","33,281.00","31,436.00",14.03M,6.52%
14/06/2021,"31,104.00","29,148.00","31,104.00","28,853.00",15.98M,6.98%
11/6/2021,"29,075.00","28,152.00","29,517.00","27,673.00",7.21M,3.28%
10/6/2021,"28,152.00","28,115.00","28,743.00","27,525.00",7.05M,-0.13%
9/6/2021,"28,189.00","27,673.00","29,148.00","26,787.00",10.30M,2.83%
8/6/2021,"27,414.00","28,853.00","29,591.00","27,414.00",8.80M,-6.89%
7/6/2021,"29,444.00","30,403.00","30,846.00","28,706.00",9.83M,-4.55%
4/6/2021,"30,846.00","30,993.00","31,436.00","30,477.00",7.49M,-0.47%
3/6/2021,"30,993.00","30,255.00","31,362.00","29,517.00",9.93M,5.53%
2/6/2021,"29,370.00","28,115.00","29,370.00","27,894.00",8.84M,3.65%
1/6/2021,"28,337.00","29,148.00","29,333.00","28,041.00",5.82M,-2.16%
31/05/2021,"28,964.00","28,263.00","29,112.00","27,820.00",10.75M,4.81%
28/05/2021,"27,636.00","26,898.00","27,636.00","26,603.00",7.07M,3.17%
27/05/2021,"26,787.00","27,340.00","27,636.00","26,492.00",5.96M,-2.02%
26/05/2021,"27,340.00","27,636.00","27,857.00","27,304.00",6.12M,-1.07%
25/05/2021,"27,636.00","27,304.00","27,820.00","27,156.00",6.78M,0.67%
24/05/2021,"27,451.00","26,787.00","27,599.00","26,566.00",8.00M,2.76%
21/05/2021,"26,713.00","27,156.00","27,636.00","26,713.00",7.52M,-2.16%
20/05/2021,"27,304.00","26,197.00","27,673.00","26,123.00",12.53M,4.37%
19/05/2021,"26,160.00","25,459.00","26,197.00","25,385.00",6.13M,2.75%
18/05/2021,"25,459.00","25,459.00","25,901.00","25,200.00",8.12M,-0.29%
17/05/2021,"25,533.00","26,418.00","26,418.00","25,459.00",7.53M,-2.26%
14/05/2021,"26,123.00","26,197.00","26,344.00","25,791.00",6.96M,1.00%
13/05/2021,"25,865.00","24,721.00","26,418.00","24,721.00",16.62M,3.70%
12/5/2021,"24,942.00","23,835.00","24,942.00","23,835.00",6.39M,3.68%
11/5/2021,"24,057.00","24,721.00","25,200.00","24,057.00",6.20M,-1.80%
10/5/2021,"24,499.00","22,837.00","24,499.00","22,620.00",11.96M,6.77%
7/5/2021,"22,946.00","22,693.00","23,343.00","22,404.00",6.43M,-0.16%
6/5/2021,"22,982.00","22,946.00","23,379.00","22,909.00",4.91M,-0.31%
5/5/2021,"23,054.00","22,765.00","23,415.00","22,657.00",4.42M,1.92%
4/5/2021,"22,620.00","21,681.00","22,620.00","21,681.00",3.89M,1.95%
29/04/2021,"22,187.00","22,115.00","22,693.00","22,115.00",2.53M,0.99%
28/04/2021,"21,970.00","21,681.00","22,187.00","21,681.00",2.63M,1.33%
27/04/2021,"21,681.00","21,753.00","22,042.00","21,609.00",3.02M,-0.33%
26/04/2021,"21,753.00","22,909.00","22,909.00","21,753.00",3.99M,-4.45%
23/04/2021,"22,765.00","21,753.00","22,765.00","21,392.00",7.01M,5.00%
22/04/2021,"21,681.00","23,054.00","23,126.00","21,681.00",6.67M,-6.25%
20/04/2021,"23,126.00","23,849.00","24,066.00","22,982.00",5.01M,-2.59%
19/04/2021,"23,741.00","23,777.00","23,777.00","22,909.00",4.62M,2.66%
16/04/2021,"23,126.00","23,560.00","23,921.00","22,765.00",7.32M,-3.03%
15/04/2021,"23,849.00","24,499.00","24,536.00","23,849.00",5.29M,-2.65%
14/04/2021,"24,499.00","23,849.00","24,536.00","23,704.00",6.40M,2.10%
13/04/2021,"23,994.00","25,294.00","25,294.00","23,994.00",7.73M,-4.04%
12/4/2021,"25,005.00","24,680.00","25,078.00","24,246.00",6.92M,0.49%
9/4/2021,"24,882.60","24,439.60","25,288.70","24,365.70",6.24M,1.97%
8/4/2021,"24,402.70","24,698.00","24,734.90","24,291.90",4.43M,-0.45%
7/4/2021,"24,513.40","24,365.70","24,587.30","24,218.10",3.79M,0.61%
6/4/2021,"24,365.70","24,365.70","24,808.80","24,218.10",5.27M,-0.90%
5/4/2021,"24,587.30","24,734.90","24,734.90","24,218.10",7.00M,1.84%
2/4/2021,"24,144.20","24,661.10","24,734.90","24,070.40",5.67M,0.00%
1/4/2021,"24,144.20","23,036.70","24,291.90","22,815.20",7.43M,5.83%
31/03/2021,"22,815.20","23,036.70","23,221.30","22,741.40",2.85M,-0.64%
30/03/2021,"22,962.90","22,593.70","22,962.90","22,482.90",3.15M,2.13%
29/03/2021,"22,482.90","22,335.30","22,556.80","22,113.80",2.81M,2.87%
26/03/2021,"21,855.30","22,076.80","22,519.90","21,523.10",4.59M,-1.33%
25/03/2021,"22,150.70","22,519.90","22,593.70","22,003.00",4.59M,0.00%
24/03/2021,"22,150.70","22,889.00","23,147.50","22,150.70",5.76M,-4.61%
23/03/2021,"23,221.30","23,738.10","23,738.10","23,147.50",4.81M,-1.87%
22/03/2021,"23,664.30","24,070.40","24,218.10","23,664.30",3.19M,-1.99%
19/03/2021,"24,144.20","23,885.80","24,291.90","23,701.20",5.59M,1.40%
18/03/2021,"23,812.00","23,775.10","23,996.60","23,553.60",3.85M,1.42%
17/03/2021,"23,479.70","23,147.50","23,553.60","23,147.50",3.47M,1.11%
16/03/2021,"23,221.30","23,664.30","23,738.10","23,110.50",5.10M,-1.87%
15/03/2021,"23,664.30","23,996.60","24,070.40","23,627.40",3.89M,-1.38%
12/3/2021,"23,996.60","24,070.40","24,218.10","23,775.10",4.15M,-0.31%
11/3/2021,"24,070.40","23,996.60","24,513.40","23,922.70",8.91M,1.72%
10/3/2021,"23,664.30","23,036.70","23,738.10","22,815.20",8.21M,2.72%
9/3/2021,"23,036.70","23,073.60","23,332.00","22,704.40",4.20M,-1.27%
8/3/2021,"23,332.00","23,405.90","23,922.70","23,036.70",7.62M,1.94%
5/3/2021,"22,889.00","22,150.70","22,889.00","21,818.40",5.90M,2.31%
4/3/2021,"22,372.20","23,184.40","23,442.80","22,298.30",7.66M,-2.73%
3/3/2021,"22,999.80","22,962.90","23,073.60","22,778.30",5.92M,0.48%
2/3/2021,"22,889.00","23,184.40","23,221.30","22,741.40",7.18M,0.16%
1/3/2021,"22,852.10","22,076.80","22,852.10","21,707.70",8.41M,6.17%
26/02/2021,"21,523.10","21,301.60","21,633.80","21,227.70",4.84M,-0.51%
25/02/2021,"21,633.80","21,929.20","21,966.10","21,412.30",3.94M,0.34%
24/02/2021,"21,560.00","22,150.70","22,446.00","21,412.30",6.47M,-1.35%
23/02/2021,"21,855.30","21,560.00","22,113.80","21,412.30",5.57M,1.02%
22/02/2021,"21,633.80","21,596.90","21,966.10","21,412.30",6.26M,0.86%
19/02/2021,"21,449.20","21,264.60","21,855.30","21,117.00",5.49M,-0.51%
18/02/2021,"21,560.00","21,633.80","22,003.00","21,412.30",5.88M,-0.68%
17/02/2021,"21,707.70","21,338.50","21,781.50","20,969.30",5.42M,4.26%
9/2/2021,"20,821.60","20,267.90","20,858.60","19,861.80",6.38M,2.73%
8/2/2021,"20,267.90","20,895.50","21,560.00","19,566.40",8.27M,-1.96%
5/2/2021,"20,674.00","20,304.80","20,895.50","20,157.10",4.95M,2.56%
4/2/2021,"20,157.10","20,157.10","20,637.00","19,787.90",6.33M,0.00%
3/2/2021,"20,157.10","19,418.80","20,194.00","19,086.50",8.31M,6.64%
2/2/2021,"18,901.90","18,495.80","19,086.50","17,831.30",5.15M,2.20%
1/2/2021,"18,495.80","19,640.30","20,120.20","18,495.80",5.44M,-6.88%
29/01/2021,"19,861.80","17,868.20","20,378.60","17,868.20",7.49M,4.06%
28/01/2021,"19,086.50","19,086.50","20,083.30","19,086.50",6.99M,-6.85%
27/01/2021,"20,489.40","21,781.50","22,003.00","20,489.40",7.41M,-6.88%
26/01/2021,"22,003.00","23,147.50","23,184.40","21,781.50",5.98M,-5.10%
25/01/2021,"23,184.40","22,335.30","23,442.80","21,227.70",8.97M,1.95%
22/01/2021,"22,741.40","22,962.90","23,332.00","22,593.70",5.83M,-2.22%
21/01/2021,"23,258.20","22,889.00","23,405.90","22,298.30",8.99M,1.61%
20/01/2021,"22,889.00","23,110.50","23,332.00","21,301.60",9.13M,0.00%
19/01/2021,"22,889.00","24,439.60","24,476.50","22,889.00",10.11M,-6.91%
18/01/2021,"24,587.30","25,288.70","25,288.70","24,550.30",9.25M,-2.49%
15/01/2021,"25,214.90","25,141.00","25,473.30","24,919.50",9.68M,1.49%
14/01/2021,"24,845.70","23,516.60","25,141.00","23,258.20",14.54M,5.65%
13/01/2021,"23,516.60","23,848.90","23,848.90","23,442.80",5.85M,-1.39%
12/1/2021,"23,848.90","23,332.00","23,996.60","23,036.70",9.00M,1.25%
11/1/2021,"23,553.60","24,144.20","24,255.00","23,405.90",8.57M,-2.15%
8/1/2021,"24,070.40","24,144.20","24,513.40","23,627.40",7.59M,0.93%
7/1/2021,"23,848.90","23,701.20","23,848.90","23,258.20",5.28M,2.22%
6/1/2021,"23,332.00","23,627.40","24,107.30","23,258.20",6.48M,0.00%
5/1/2021,"23,332.00","23,332.00","23,701.20","23,258.20",5.66M,-1.25%
4/1/2021,"23,627.40","24,291.90","24,291.90","23,479.70",5.53M,1.91%
31/12/2020,"23,184.40","22,704.40","23,516.60","22,519.90",5.07M,2.11%
